-- phpMyAdmin SQL Dump
-- version 4.7.9
-- https://www.phpmyadmin.net/
--
-- Host: 127.0.0.1
-- Generation Time: Mar 12, 2020 at 09:33 AM
-- Server version: 10.1.31-MariaDB
-- PHP Version: 7.2.3

SET SQL_MODE = "NO_AUTO_VALUE_ON_ZERO";
SET AUTOCOMMIT = 0;
START TRANSACTION;
SET time_zone = "+00:00";


/*!40101 SET @OLD_CHARACTER_SET_CLIENT=@@CHARACTER_SET_CLIENT */;
/*!40101 SET @OLD_CHARACTER_SET_RESULTS=@@CHARACTER_SET_RESULTS */;
/*!40101 SET @OLD_COLLATION_CONNECTION=@@COLLATION_CONNECTION */;
/*!40101 SET NAMES utf8mb4 */;

--
-- Database: `survey_pileg`
--

-- --------------------------------------------------------

--
-- Table structure for table `responden`
--

CREATE TABLE `responden` (
  `id_responden` int(11) NOT NULL,
  `id_surveyor` int(11) NOT NULL,
  `nama_responden` varchar(150) NOT NULL,
  `alamat` varchar(150) NOT NULL,
  `provinsi` varchar(150) NOT NULL,
  `kab_kota` varchar(150) NOT NULL,
  `kecamatan` varchar(150) NOT NULL,
  `kel_desa` varchar(150) NOT NULL,
  `rt` varchar(150) NOT NULL,
  `rw` varchar(150) NOT NULL,
  `no_hp` varchar(150) NOT NULL,
  `pertanyaan_12` text NOT NULL,
  `pertanyaan_13` text NOT NULL,
  `pertanyaan_14` text NOT NULL,
  `pertanyaan_15` text NOT NULL,
  `pertanyaan_16` text NOT NULL,
  `pertanyaan_17` text NOT NULL,
  `pertanyaan_18` text NOT NULL,
  `pertanyaan_19` text NOT NULL,
  `pertanyaan_20` text NOT NULL,
  `pertanyaan_21` text NOT NULL,
  `pertanyaan_22` text NOT NULL,
  `pertanyaan_23` text NOT NULL,
  `pertanyaan_24` text NOT NULL,
  `pertanyaan_25` text NOT NULL,
  `pertanyaan_26` text NOT NULL,
  `pertanyaan_27` text NOT NULL,
  `pertanyaan_28` text NOT NULL,
  `pertanyaan_29` text NOT NULL,
  `pertanyaan_30` text NOT NULL,
  `pertanyaan_31` text NOT NULL,
  `pertanyaan_32` text NOT NULL,
  `pertanyaan_33` text NOT NULL,
  `pertanyaan_34` text NOT NULL,
  `pertanyaan_35` text NOT NULL,
  `pertanyaan_36` text NOT NULL,
  `pertanyaan_37` text NOT NULL,
  `pertanyaan_38` text NOT NULL,
  `pertanyaan_39` text NOT NULL,
  `pertanyaan_40` text NOT NULL,
  `lat` double NOT NULL,
  `lang` double NOT NULL,
  `create_at` timestamp NOT NULL DEFAULT CURRENT_TIMESTAMP ON UPDATE CURRENT_TIMESTAMP
) ENGINE=InnoDB DEFAULT CHARSET=latin1;

--
-- Dumping data for table `responden`
--

INSERT INTO `responden` (`id_responden`, `id_surveyor`, `nama_responden`, `alamat`, `provinsi`, `kab_kota`, `kecamatan`, `kel_desa`, `rt`, `rw`, `no_hp`, `pertanyaan_12`, `pertanyaan_13`, `pertanyaan_14`, `pertanyaan_15`, `pertanyaan_16`, `pertanyaan_17`, `pertanyaan_18`, `pertanyaan_19`, `pertanyaan_20`, `pertanyaan_21`, `pertanyaan_22`, `pertanyaan_23`, `pertanyaan_24`, `pertanyaan_25`, `pertanyaan_26`, `pertanyaan_27`, `pertanyaan_28`, `pertanyaan_29`, `pertanyaan_30`, `pertanyaan_31`, `pertanyaan_32`, `pertanyaan_33`, `pertanyaan_34`, `pertanyaan_35`, `pertanyaan_36`, `pertanyaan_37`, `pertanyaan_38`, `pertanyaan_39`, `pertanyaan_40`, `lat`, `lang`, `create_at`) VALUES
(101, 10, 'irfandi', 'garuda sakri', 'Riau', 'KOTA PEKANBARU', 'Tampan', 'Tuahkarya', '9', '7', '081270467907', 'Ya', 'Ya', 'Laki-laki', '17 - 20 Tahun', 'Islam', 'Rajin', 'Rajin', 'S1', 'Melayu', 'PNS', 'Anggota masyarakat biasa', 'Rp. 8 Juta ke Atas', '1. Media online : Sering, 2.Media sosial : Sering, 3. Televisi : Sering, 4. Radio : Sering, 5. Koran : Sering, 6. Dari obrolan dengan teman/kolega : Sering, 7. Dari atribut pemilu (baligo, spanduk, poster, brosur, dll) : Sering', 'Gerindra, PDI Perjuangan, Partai Golkar, Partai Nasdem, Partai Garuda, Partai PKS, ', 'Tahu', 'Gerindra, Partai Golkar, Partai Nasdem, ', 'Gerindra, Partai Nasdem, ', 'GERINDA', 'Sudah menjadi bagian dari hidup saya', 'Kenal', 'Alat sosialisasi, Media Online, ', 'null', 'Sulitnya lapangan kerja, Kerusakan lingkungan, ', 'Kerusakan lingkungan, Kenakalan remaja, ', 'Satu partai dengan partai pilihan saya', 'Suka kunjungan/sillaturrahim', 'Sangat Puas', 'Prabowo Subianto - Sandiaga Uno', 'Pertimbangam suku, ', 0.468133, 101.356838, '2019-02-25 07:07:29'),
(102, 5, 'mimin', 'jl.sudirma', 'Riau', 'KABUPATEN KAMPAR', 'Bangkinang Kota', 'Bangkinang', '8', '0', '0181534646848', 'Ya', 'Ya', 'Laki-laki', '17 - 20 Tahun', 'Islam', 'Rajin', 'Rajin', 'Tdk Tamat SD', 'Melayu', 'Petani (termasuk peternakan,budidaya ikan)', 'Tokoh agama', 'Rp. 2 Juta Ke Bawah', '1. Media online : Sering, 2.Media sosial : Sering, 3. Televisi : Sering, 4. Radio : Sering, 5. Koran : Sering, 6. Dari obrolan dengan teman/kolega : Sering, 7. Dari atribut pemilu (baligo, spanduk, poster, brosur, dll) : Sering', 'Partai Golkar, PPP, Partai Hanura, PKB Indonesia, ', 'Tahu', 'PDI Perjuangan, Partai Garuda, Partai Berkarya, Partai Perindo, ', 'PPP, PKB Indonesia, ', 'Golkar', 'Sudah menjadi bagian dari hidup saya', 'Kenal', 'Alat sosialisasi, ', 'null', 'Sulitnya lapangan kerja, Tingginya biaya pendidikan, ', 'Masalah pencurian, Kenakalan remaja, ', 'Satu partai dengan partai pilihan saya', 'Suka kunjungan/sillaturrahim', 'Sangat Puas', 'Belum menentukan pilihan', 'Pilihan orang tua/keluarga, ', 0.467586, 101.354713, '2019-02-25 07:08:18'),
(103, 5, 'lol', 'lol', 'Riau', 'KABUPATEN KAMPAR', 'Siak Hulu', 'Tanah Merah', '7', '9', '805800', 'Ya', 'Ya', 'Laki-laki', '17 - 20 Tahun', 'Islam', 'Rajin', 'Rajin', 'Tdk Tamat SD', 'Melayu', 'Petani (termasuk peternakan,budidaya ikan)', 'Tokoh agama', 'Rp. 2 Juta Ke Bawah', '1. Media online : Sering, 2.Media sosial : Sering, 3. Televisi : Sering, 4. Radio : Sering, 5. Koran : Sering, 6. Dari obrolan dengan teman/kolega : Sering, 7. Dari atribut pemilu (baligo, spanduk, poster, brosur, dll) : Sering', 'Partai Berkarya, Partai Perindo, PBB, ', 'Tahu', 'Partai Berkarya, Partai PAN, Partai Hanura, ', 'PPP, Partai PAN, ', 'NASDEM', 'Sudah menjadi bagian dari hidup saya', 'Kenal', 'Info dari teman/tetangga, Info dari media/cetak, ', 'DPR RI (No Urut Partai:5,No Urut Caleg:2)', 'Kerusakan lingkungan, Harga-harga semakin mahal, ', 'Bencana alam, Kebakaran hutan dan lahan, ', 'Satu partai dengan partai pilihan saya', 'Suka kunjungan/sillaturrahim', 'Sangat Puas', 'Prabowo Subianto - Sandiaga Uno', 'Kedekatan saya dengan partai pendukungnya, Pertimbangam suku, ', 0.47650083762154, 101.36462610233, '2019-02-25 16:37:03'),
(104, 5, 'gdh', 'jj', 'Riau', 'KABUPATEN KAMPAR', 'Bangkinang Kota', 'Bangkinang', '8', '7', '04564646', 'Ya', 'Ya', 'Perempuan', '17 - 20 Tahun', 'Islam', 'Rajin', 'Rajin', 'Tdk Tamat SD', 'Melayu', 'Petani (termasuk peternakan,budidaya ikan)', 'Tokoh agama', 'Rp. 2 Juta Ke Bawah', '1. Media online : Sering, 2.Media sosial : Sering, 3. Televisi : Sering, 4. Radio : Sering, 5. Koran : Sering, 6. Dari obrolan dengan teman/kolega : Sering, 7. Dari atribut pemilu (baligo, spanduk, poster, brosur, dll) : Sering', 'Partai PKS, PPP, Partai PAN, ', 'Tahu', 'Partai Nasdem, Partai Berkarya, Partai PKS, ', 'Partai PKS, Partai PAN, Demokrat, ', 'PDI Perjuangan', 'Sudah menjadi bagian dari hidup saya', 'Kenal', 'Pertemuan langsung, Info dari teman/tetangga, ', 'DPR RI (No Urut Partai:3,No Urut Caleg:6)', 'Kerusakan lingkungan, Tingginya biaya kesehatan, Harga-harga semakin mahal, ', 'Kebakaran hutan dan lahan, Miras/narkoba, ', 'Satu partai dengan partai pilihan saya', 'Suka kunjungan/sillaturrahim', 'Sangat Puas', 'Prabowo Subianto - Sandiaga Uno', 'Pertimbangan agama, Rekomendasi orang yang saya hormati, ', 0.47658129330601, 101.36475311508, '2019-02-25 16:41:28'),
(105, 10, 'fhhf', 'gdgd', 'Riau', 'KABUPATEN KAMPAR', 'Kuok', 'Kuok', '9', '6', '55896577554', 'Ya', 'Ragu-Ragu', 'Laki-laki', '17 - 20 Tahun', 'Islam', 'Rajin', 'Rajin', 'Tdk Tamat SD', 'Melayu', 'Petani (termasuk peternakan,budidaya ikan)', 'Tokoh agama', 'Rp. 2 Juta Ke Bawah', '1. Media online : Sering, 2.Media sosial : Sering, 3. Televisi : Sering, 4. Radio : Sering, 5. Koran : Sering, 6. Dari obrolan dengan teman/kolega : Sering, 7. Dari atribut pemilu (baligo, spanduk, poster, brosur, dll) : Sering', 'Partai Berkarya, Partai PAN, ', 'Partai PKS, Partai Perindo, PPP, ', 'Partai Nasdem, Partai Garuda, Partai Berkarya, ', 'PDI Perjuangan, Partai Nasdem, Partai Berkarya, ', 'Golkar', 'Visi misinya bagus, Orangnya cerdas-cerdas, ', 'Kenal', 'Pertemuan langsung, Lainnya, ', 'DPR RI (No Urut Partai : 1,No Urut Caleg : 1).', 'Sulitnya lapangan kerja, Tingginya biaya pendidikan, ', 'Masalah pencurian, Kenakalan remaja, ', 'Satu suku, Pendidikannya bagus, ', 'Menyampaikan komitmen untuk memajukan daerah dan nasional, Memberikan bantuan langsung, ', 'Sangat Puas', 'Prabowo Subianto - Sandiaga Uno', 'Kedekatan saya dengan partai pendukungnya, Pertimbangan agama, Pilihan orang tua/keluarga, ', 0.45569196937918, 101.38206428349, '2019-02-26 15:13:51'),
(106, 10, 'hdhd', 'djjd', 'Riau', 'KABUPATEN KAMPAR', 'Bangkinang Kota', 'Bangkinang', '8', '0', '6464649', 'Ya', 'Ya', 'Laki-laki', '17 - 20 Tahun', 'Islam', 'Rajin', 'Rajin', 'Tdk Tamat SD', 'Melayu', 'Petani (termasuk peternakan,budidaya ikan)', 'Tokoh agama', 'Rp. 2 Juta Ke Bawah', '1. Media online : Sering, 2.Media sosial : Sering, 3. Televisi : Sering, 4. Radio : Sering, 5. Koran : Sering, 6. Dari obrolan dengan teman/kolega : Sering, 7. Dari atribut pemilu (baligo, spanduk, poster, brosur, dll) : Sering', 'Partai Golkar, Partai PKS, Partai Perindo, PPP, ', 'Partai Golkar, Partai PKS, Partai Perindo, ', 'Partai PAN, Partai Hanura, PBB, ', 'PPP, Partai Hanura, PKB Indonesia, ', 'PDI Perjuangan', 'Sudah menjadi bagian dari hidup saya, Programnya bagus, ', 'Kenal', 'Info dari media/cetak, Media Online, Lainnya, ', 'DPR RI (No Urut Partai : 5,No Urut Caleg : 4).DPR Provinsi(No Urut Partai : 9,No Urut Caleg : 5).DPRD KabKota(No Urut Partai : 1,No Urut Caleg : 1).DPD(No Urut Caleg : 28)', 'Tingginya biaya pendidikan, Tingginya biaya kesehatan, ', 'Serangan hama pertanian, Miras/narkoba, ', 'Satu suku, Orangnya simpatik, Orangnya cerdas, ', 'Menyampaikan komitmen untuk memajukan daerah dan nasional, Bersedia menerima aspirasi kami dan menyampaikan komitmen untuk memperjuangkannya, ', 'Sangat Puas', 'Prabowo Subianto - Sandiaga Uno', 'Pertimbangam suku, Hasil perbincangan dengan teman-teman/kolega, ', 0.4557896114844, 101.38171580217, '2019-02-26 16:41:30'),
(107, 5, 'pgpvoog', 'hpov', 'Riau', 'KABUPATEN KAMPAR', 'Bangkinang Kota', 'Bangkinang', '8', '5', '0885724246768', 'Ya', 'Ya', 'Perempuan', '17 - 20 Tahun', 'Islam', 'Rajin', 'Rajin', 'Tdk Tamat SD', 'Melayu', 'Petani (termasuk peternakan,budidaya ikan)', 'Tokoh agama', 'Rp. 2 Juta Ke Bawah', '1. Media online : Sering, 2.Media sosial : Sering, 3. Televisi : Sering, 4. Radio : Sering, 5. Koran : Sering, 6. Dari obrolan dengan teman/kolega : Sering, 7. Dari atribut pemilu (baligo, spanduk, poster, brosur, dll) : Sering', 'Partai Nasdem, PPP, ', 'Partai Garuda, Partai Berkarya, ', 'Partai Garuda, Partai PKS, Partai PAN, ', 'Partai Garuda, Partai PKS, PPP, ', 'Golkar', 'Kedekatan saya dengan pengurus dan para pendukungnya, Calegnya orang yang kami hormati dan bisa dipercaya, ', 'No Urut Partai:2 No Urut Caleg :1.No Urut Partai:1 No Urut Caleg :2.No Urut Partai:1 No Urut Caleg :1.No Urut Partai:1 No Urut Caleg :1.No Urut Partai:1 No Urut Caleg :1', 'Alat sosialisasi, Lainnya, ', 'DPR RI (No Urut Partai : 1,No Urut Caleg : 1).DPR Provinsi(No Urut Partai : 1,No Urut Caleg : 1).DPRD KabKota(No Urut Partai : 1,No Urut Caleg : 1).DPD(No Urut Caleg : 21)', 'Kerusakan lingkungan, Harga-harga semakin mahal, ', 'Kebakaran hutan dan lahan, Kenakalan remaja, ', 'Orangnya simpatik, Kepemimpinannya prospektif dan berani, ', 'Suka kunjungan/sillaturrahim, Bersedia menerima aspirasi kami dan menyampaikan komitmen untuk memperjuangkannya, ', 'Sangat Puas', 'Joko Widodo - Makruf Amin', 'Pertimbangan agama, Rekomendasi orang yang saya hormati, ', 0.45579207194243, 101.38136376264, '2019-03-01 04:50:47'),
(108, 5, 'diiso', 'hshshd', 'Riau', 'KABUPATEN KAMPAR', 'Bangkinang Kota', 'Bangkinang', '9', '6', '97949484', 'Ya', 'Ragu-Ragu', 'Perempuan', '17 - 20 Tahun', 'Islam', 'Rajin', 'Rajin', 'Tdk Tamat SD', 'Melayu', 'Petani (termasuk peternakan,budidaya ikan)', 'Tokoh agama', 'Rp. 2 Juta Ke Bawah', '1. Media online : Sering, 2.Media sosial : Sering, 3. Televisi : Sering, 4. Radio : Sering, 5. Koran : Sering, 6. Dari obrolan dengan teman/kolega : Sering, 7. Dari atribut pemilu (baligo, spanduk, poster, brosur, dll) : Sering', 'Partai Berkarya, Partai PKS, ', 'Partai Golkar, Partai Nasdem, ', 'Partai Berkarya, Partai PKS, ', 'PPP, Partai PAN, ', 'GERINDA', 'Visi misinya bagus, Orangnya merakyat dan bermasyarakat, ', 'No Urut Partai:1 No Urut Caleg :1.No Urut Partai:1 No Urut Caleg :1.No Urut Partai:1 No Urut Caleg :1.No Urut Partai:1 No Urut Caleg :1.No Urut Partai:1 No Urut Caleg :1', 'Info dari teman/tetangga, Info dari media/cetak, ', 'DPR RI (No Urut Partai : 1,No Urut Caleg : 1).DPR Provinsi(No Urut Partai : 1,No Urut Caleg : 1).DPRD KabKota(No Urut Partai : 1,No Urut Caleg : 1).DPD(No Urut Caleg : 21)', 'Tingginya biaya pendidikan, Korupsi, ', 'Kebakaran hutan dan lahan, Masalah pencurian, ', 'Pendidikannya bagus, Orangnya jujur, ', 'Menyampaikan komitmen untuk memajukan daerah dan nasional, Memberikan bantuan langsung, ', 'Sangat Puas', 'Joko Widodo - Makruf Amin', 'Pertimbangam suku, Hasil perbincangan dengan teman-teman/kolega, ', 0.46780688053854, 101.35598873729, '2019-03-01 04:49:33'),
(109, 5, 'mooo', 'hsjsj', 'Riau', 'KABUPATEN KAMPAR', 'Bangkinang Kota', 'Bangkinang', '7', '9', '79796767674', 'Ya', 'Ragu-Ragu', 'Perempuan', '17 - 20 Tahun', 'Islam', 'Rajin', 'Rajin', 'Tdk Tamat SD', 'Melayu', 'Petani (termasuk peternakan,budidaya ikan)', 'Tokoh agama', 'Rp. 2 Juta Ke Bawah', '1. Media online : Sering, 2.Media sosial : Sering, 3. Televisi : Sering, 4. Radio : Sering, 5. Koran : Sering, 6. Dari obrolan dengan teman/kolega : Sering, 7. Dari atribut pemilu (baligo, spanduk, poster, brosur, dll) : Sering', 'Partai Berkarya, Partai PKS, ', 'Partai Berkarya, Partai PKS, ', 'PDI Perjuangan, Partai Garuda, Partai Berkarya, ', 'PPP, Partai Hanura, ', 'Golkar', 'Programnya bagus, Suka atau pernah membantu, ', 'No Urut Partai:1 No Urut Caleg :1.No Urut Partai:1 No Urut Caleg :1.No Urut Partai:1 No Urut Caleg :1.No Urut Partai:1 No Urut Caleg :1.No Urut Partai:1 No Urut Caleg :1', 'Media Online, Lainnya, ', 'DPR RI (No Urut Partai : 1,No Urut Caleg : 1).DPR Provinsi(No Urut Partai : 1,No Urut Caleg : 9).DPRD KabKota(No Urut Partai : 1,No Urut Caleg : 1).DPD(No Urut Caleg : 21)', 'Sulitnya lapangan kerja, Harga-harga semakin mahal, ', 'Kebakaran hutan dan lahan, Kenakalan remaja, ', 'Satu daerah, Orangnya jujur, ', 'Ceramah, Bersedia menerima aspirasi kami dan menyampaikan komitmen untuk memperjuangkannya, ', 'Sangat Puas', 'Joko Widodo - Makruf Amin', 'Pertimbangan agama, Hasil perbincangan dengan teman-teman/kolega, ', 0.47658766321624, 101.36474026077, '2019-03-01 04:46:58'),
(110, 5, 'ogfo', 'cjuc', 'Riau', 'KABUPATEN KAMPAR', 'Bangkinang Kota', 'Bangkinang', '8', '7', '686864434', 'Ya', 'Ya', 'Laki-laki', '17 - 20 Tahun', 'Islam', 'Rajin', 'Rajin', 'Tdk Tamat SD', 'Melayu', 'Petani (termasuk peternakan,budidaya ikan)', 'Tokoh agama', 'Rp. 2 Juta Ke Bawah', '1. Media online : Sering, 2.Media sosial : Sering, 3. Televisi : Sering, 4. Radio : Sering, 5. Koran : Sering, 6. Dari obrolan dengan teman/kolega : Sering, 7. Dari atribut pemilu (baligo, spanduk, poster, brosur, dll) : Sering', 'Partai Nasdem, PPP, ', 'Partai PKS, Demokrat, ', 'Partai Nasdem, Partai Perindo, PPP, ', 'Partai PKS, Tidak Ingat, ', 'NASDEM', 'Calegnya orang yang kami hormati dan bisa dipercaya, Orangnya jujur-jujur, ', 'No Urut Partai:1 No Urut Caleg :1.No Urut Partai:1 No Urut Caleg :1.No Urut Partai:1 No Urut Caleg :1.No Urut Partai:1 No Urut Caleg :1.No Urut Partai:1 No Urut Caleg :1', 'Pertemuan langsung, Media Online, ', 'DPR RI (No Urut Partai : 1,No Urut Caleg : 1).DPR Provinsi(No Urut Partai : 1,No Urut Caleg : 1).DPRD KabKota(No Urut Partai : 1,No Urut Caleg : 1).DPD(No Urut Caleg : 21)', 'Kerusakan lingkungan, Harga-harga semakin mahal, ', 'Bencana alam, Masalah pencurian, ', 'Pendidikannya bagus, Orangnya jujur, ', 'Ceramah, Bersedia menerima aspirasi kami dan menyampaikan komitmen untuk memperjuangkannya, ', 'Sangat Puas', 'Joko Widodo - Makruf Amin', 'Pertimbangam suku, Hasil perbincangan dengan teman-teman/kolega, ', 0.4766365239458, 101.36473226991, '2019-03-01 04:54:14'),
(112, 5, 'ksksks', 'nsnsj', 'Riau', 'KABUPATEN KAMPAR', 'Bangkinang Kota', 'Bangkinang', '8', '0', '87979', 'Ya', 'Ragu-Ragu', 'Perempuan', '17 - 20 Tahun', 'Islam', 'Rajin', 'Rajin', 'Tdk Tamat SD', 'Melayu', 'Petani (termasuk peternakan,budidaya ikan)', 'Tokoh agama', 'Rp. 2 Juta Ke Bawah', '1. Media online : Sering, 2.Media sosial : Sering, 3. Televisi : Sering, 4. Radio : Sering, 5. Koran : Sering, 6. Dari obrolan dengan teman/kolega : Sering, 7. Dari atribut pemilu (baligo, spanduk, poster, brosur, dll) : Sering', 'Partai PAN, Demokrat, ', 'Partai Perindo, PPP, Partai PAN, ', 'PDI Perjuangan, Partai Berkarya, Partai PKS, ', 'Partai Berkarya, Partai PAN, ', 'GERINDA', 'Visi misinya bagus, Orangnya merakyat dan bermasyarakat, ', 'No Urut Partai Caleg ::1, No Urut Partai Caleg ::5, No Urut Partai Caleg ::7, ', 'Info dari teman/tetangga, Info dari media/cetak, ', 'DPR RI (No Urut Partai : 1,No Urut Caleg : 1).DPR Provinsi(No Urut Partai : 1,No Urut Caleg : 1).DPRD KabKota(No Urut Partai : 1,No Urut Caleg : 1).DPD(No Urut Caleg : 21)', 'Sulitnya lapangan kerja, Harga-harga semakin mahal, ', 'Kebakaran hutan dan lahan, Miras/narkoba, ', 'Satu daerah, Orangnya jujur, ', 'Menyampaikan komitmen untuk memajukan daerah dan nasional, Memberikan bantuan langsung, ', 'Tidak Puas', 'Prabowo Subianto - Sandiaga Uno', 'Pertimbangam suku, Hasil perbincangan dengan teman-teman/kolega, ', 0.47650722726426, 101.3645626531, '2019-03-04 01:52:35'),
(113, 5, 'popcuvh', 'cuhc', 'Riau', 'KABUPATEN KAMPAR', 'Bangkinang Kota', 'Bangkinang', '7', '6', '688660', 'Ya', 'Ragu-Ragu', 'Perempuan', '17 - 20 Tahun', 'Islam', 'Rajin', 'Rajin', 'Tdk Tamat SD', 'Melayu', 'Petani (termasuk peternakan,budidaya ikan)', 'Tokoh agama', 'Rp. 2 Juta Ke Bawah', '1. Media online : Sering, 2.Media sosial : Sering, 3. Televisi : Sering, 4. Radio : Sering, 5. Koran : Sering, 6. Dari obrolan dengan teman/kolega : Sering, 7. Dari atribut pemilu (baligo, spanduk, poster, brosur, dll) : Sering', 'PKB, PPP, Partai PAN, ', 'Partai Nasdem, Partai PAN, ', 'Partai Nasdem, Demokrat, ', 'Partai Nasdem, Demokrat, ', 'PKB', 'Visi misinya bagus, Orangnya merakyat dan bermasyarakat, ', 'Caleg ::1, ', 'Pertemuan langsung, Media Online, ', 'DPR RI (No Urut Partai : 1,No Urut Caleg : 1).DPR Provinsi(No Urut Partai : 1,No Urut Caleg : 1).DPRD KabKota(No Urut Partai : 1,No Urut Caleg : 1).DPD(No Urut Caleg : 21)', 'Kerusakan lingkungan, Harga-harga semakin mahal, ', 'Kebakaran hutan dan lahan, Miras/narkoba, ', 'Orangnya simpatik, Visi misinya bagus, ', 'Suka kunjungan/sillaturrahim, Memberikan bantuan langsung, ', 'Sangat Puas', 'Joko Widodo - Makruf Amin', 'Pilihan orang tua/keluarga, Pengalaman, ', 0.47665596626771, 101.3646560968, '2019-03-04 01:57:12'),
(114, 5, 'arxg', 'gxgx', 'Riau', 'KABUPATEN KAMPAR', 'Bangkinang Kota', 'Bangkinang', '9', 'c', '6886', 'Ya', 'Ragu-Ragu', 'Perempuan', '17 - 20 Tahun', 'Islam', 'Rajin', 'Rajin', 'Tdk Tamat SD', 'Melayu', 'Petani (termasuk peternakan,budidaya ikan)', 'Tokoh agama', 'Rp. 2 Juta Ke Bawah', '1. Media online : Sering, 2.Media sosial : Sering, 3. Televisi : Sering, 4. Radio : Sering, 5. Koran : Sering, 6. Dari obrolan dengan teman/kolega : Sering, 7. Dari atribut pemilu (baligo, spanduk, poster, brosur, dll) : Sering', 'Partai Nasdem, PPP, ', 'Partai PKS, PPP, ', 'Partai PKS, Partai Hanura, Demokrat, ', 'Partai PKS, Demokrat, ', 'PKB', 'Programnya bagus, Orangnya merakyat dan bermasyarakat, ', 'Partai 1Caleg :1, ', 'Pertemuan langsung, Media Online, ', 'DPR RI (No Urut Partai : 1,No Urut Caleg : 1).DPR Provinsi(No Urut Partai : 1,No Urut Caleg : 1).DPRD KabKota(No Urut Partai : 1,No Urut Caleg : 1).DPD(No Urut Caleg : 21)', 'Sulitnya lapangan kerja, Harga-harga semakin mahal, ', 'Kebakaran hutan dan lahan, Miras/narkoba, ', 'Satu daerah, Orangnya jujur, ', 'Suka kunjungan/sillaturrahim, Bersedia menerima aspirasi kami dan menyampaikan komitmen untuk memperjuangkannya, ', 'Sangat Puas', 'Prabowo Subianto - Sandiaga Uno', 'Rekomendasi orang yang saya hormati, Visi misinya bagus, ', 0.4766307118931, 101.36472957337, '2019-03-04 02:03:02');

-- --------------------------------------------------------

--
-- Table structure for table `surveyor`
--

CREATE TABLE `surveyor` (
  `id_surveyor` int(11) NOT NULL,
  `nama_petugas` varchar(150) NOT NULL,
  `username` varchar(150) NOT NULL,
  `password` varchar(150) NOT NULL,
  `jenis_kelamin` enum('laki-laki','perempuan','','') NOT NULL,
  `no_hp` varchar(13) NOT NULL,
  `alamat` varchar(150) NOT NULL,
  `status` enum('aktif','non-aktif','','') NOT NULL,
  `created_at` timestamp NOT NULL DEFAULT CURRENT_TIMESTAMP ON UPDATE CURRENT_TIMESTAMP,
  `created_update` timestamp NOT NULL DEFAULT '0000-00-00 00:00:00'
) ENGINE=InnoDB DEFAULT CHARSET=latin1;

--
-- Dumping data for table `surveyor`
--

INSERT INTO `surveyor` (`id_surveyor`, `nama_petugas`, `username`, `password`, `jenis_kelamin`, `no_hp`, `alamat`, `status`, `created_at`, `created_update`) VALUES
(5, 'irfandi', 'irfandi', '123', 'laki-laki', '081270467907', 'Jl.Garuda Sakti', 'aktif', '2019-02-27 15:32:53', '0000-00-00 00:00:00'),
(8, 'kkkk', 'hahah', '123', 'perempuan', '9989798798987', 'hsh', 'aktif', '2019-02-27 15:32:26', '0000-00-00 00:00:00'),
(9, 'seminar', 'seminar', '12345', 'laki-laki', '08218779', 'ajla', 'aktif', '2019-02-14 05:00:56', '0000-00-00 00:00:00'),
(10, 'admun', 'admin', 'admin', 'laki-laki', '081270467907', 'garuda sakti', 'non-aktif', '2019-02-27 15:42:44', '0000-00-00 00:00:00'),
(11, '6dd5', 'yddy', '12345', 'laki-laki', '8668', 'yfdy', 'aktif', '2019-02-27 15:36:37', '0000-00-00 00:00:00');

-- --------------------------------------------------------

--
-- Table structure for table `tb_kabkota`
--

CREATE TABLE `tb_kabkota` (
  `id_kabkota` int(11) NOT NULL,
  `nama` varchar(100) NOT NULL,
  `id_provinsi` int(11) NOT NULL,
  `dapil` int(5) NOT NULL
) ENGINE=InnoDB DEFAULT CHARSET=utf8mb4;

--
-- Dumping data for table `tb_kabkota`
--

INSERT INTO `tb_kabkota` (`id_kabkota`, `nama`, `id_provinsi`, `dapil`) VALUES
(1401, 'KABUPATEN KAMPAR', 11101, 2),
(1402, 'KABUPATEN INDRAGIRI HULU', 11101, 2),
(1403, 'KABUPATEN BENGKALIS', 11101, 1),
(1404, 'KABUPATEN INDRAGIRI HILIR', 11101, 2),
(1405, 'KABUPATEN PELALAWAN', 11101, 2),
(1406, 'KABUPATEN ROKAN HULU', 11101, 1),
(1407, 'KABUPATEN ROKAN HILIR', 11101, 1),
(1408, 'KABUPATEN SIAK', 11101, 1),
(1409, 'KABUPATEN KUANTAN SINGINGI', 11101, 2),
(1410, 'KABUPATEN KEPULAUAN MERANTI', 11101, 1),
(1471, 'KOTA PEKANBARU', 11101, 1),
(1472, 'KOTA DUMAI', 11101, 1);

-- --------------------------------------------------------

--
-- Table structure for table `tb_kecamatan`
--

CREATE TABLE `tb_kecamatan` (
  `id_kecamatan` int(11) NOT NULL,
  `nama` varchar(100) NOT NULL,
  `id_kabkota` int(11) NOT NULL,
  `dapil` int(3) DEFAULT NULL
) ENGINE=InnoDB DEFAULT CHARSET=utf8mb4;

--
-- Dumping data for table `tb_kecamatan`
--

INSERT INTO `tb_kecamatan` (`id_kecamatan`, `nama`, `id_kabkota`, `dapil`) VALUES
(140101, 'Bangkinang Kota', 1401, NULL),
(140102, 'Kampar', 1401, NULL),
(140103, 'Tambang', 1401, NULL),
(140104, 'XIII Koto Kampar', 1401, NULL),
(140105, 'Kuok', 1401, NULL),
(140106, 'Siak Hulu', 1401, NULL),
(140107, 'Kampar Kiri', 1401, NULL),
(140108, 'Kampar Kiri Hilir', 1401, NULL),
(140109, 'Kampar Kiri Hulu', 1401, NULL),
(140110, 'Tapung', 1401, NULL),
(140111, 'Tapung Hilir', 1401, NULL),
(140112, 'Tapung Hulu', 1401, NULL),
(140113, 'Salo', 1401, NULL),
(140114, 'Rumbio Jaya', 1401, NULL),
(140115, 'Bangkinang', 1401, NULL),
(140116, 'Perhentian Raja', 1401, NULL),
(140117, 'Kampa', 1401, NULL),
(140118, 'Kampar Utara', 1401, NULL),
(140119, 'Kampar Kiri Tengah', 1401, NULL),
(140120, 'Gunung Sahilan', 1401, NULL),
(140121, 'Koto Kampar Hulu', 1401, NULL),
(140201, 'Rengat', 1402, NULL),
(140202, 'Rengat Barat', 1402, NULL),
(140203, 'Kelayang', 1402, NULL),
(140204, 'Pasir Penyu', 1402, NULL),
(140205, 'Peranap', 1402, NULL),
(140206, 'Siberida', 1402, NULL),
(140207, 'Batang Cenaku', 1402, NULL),
(140208, 'Batang Gangsal', 1402, NULL),
(140209, 'Lirik', 1402, NULL),
(140210, 'Kuala Cenaku', 1402, NULL),
(140211, 'Sungai Lala', 1402, NULL),
(140212, 'Lubuk Batu Jaya', 1402, NULL),
(140213, 'Rakit Kulim', 1402, NULL),
(140214, 'Batang Peranap', 1402, NULL),
(140301, 'Bengkalis', 1403, NULL),
(140302, 'Bantan', 1403, NULL),
(140303, 'Bukit Batu', 1403, NULL),
(140309, 'Mandau', 1403, NULL),
(140310, 'Rupat', 1403, NULL),
(140311, 'Rupat Utara', 1403, NULL),
(140312, 'Siak Kecil', 1403, NULL),
(140313, 'Pinggir', 1403, NULL),
(140314, 'Bandar Laksamana', 1403, NULL),
(140315, 'Talang Muandau', 1403, NULL),
(140316, 'Bathin Solapan', 1403, NULL),
(140401, 'Reteh', 1404, NULL),
(140402, 'Enok', 1404, NULL),
(140403, 'Kuala Indragiri', 1404, NULL),
(140404, 'Tembilahan', 1404, NULL),
(140405, 'Tempuling', 1404, NULL),
(140406, 'Gaung Anak Serka', 1404, NULL),
(140407, 'Mandah', 1404, NULL),
(140408, 'Kateman', 1404, NULL),
(140409, 'Keritang', 1404, NULL),
(140410, 'Tanah Merah', 1404, NULL),
(140411, 'Batang Tuaka', 1404, NULL),
(140412, 'Gaung', 1404, NULL),
(140413, 'Tembilahan Hulu', 1404, NULL),
(140414, 'Kemuning', 1404, NULL),
(140415, 'Pelangiran', 1404, NULL),
(140416, 'Teluk Belengkong', 1404, NULL),
(140417, 'Pulau Burung', 1404, NULL),
(140418, 'Concong', 1404, NULL),
(140419, 'Kempas', 1404, NULL),
(140420, 'Sungai Batang', 1404, NULL),
(140501, 'Ukui', 1405, NULL),
(140502, 'Pangkalan Kerinci', 1405, NULL),
(140503, 'Pangkalan Kuras', 1405, NULL),
(140504, 'Pangkalan Lesung', 1405, NULL),
(140505, 'Langgam', 1405, NULL),
(140506, 'Pelalawan', 1405, NULL),
(140507, 'Kerumutan', 1405, NULL),
(140508, 'Bunut', 1405, NULL),
(140509, 'Teluk Meranti', 1405, NULL),
(140510, 'Kuala Kampar', 1405, NULL),
(140511, 'Bandar Sei Kijang', 1405, NULL),
(140512, 'Bandar Petalangan', 1405, NULL),
(140601, 'Ujung Batu', 1406, NULL),
(140602, 'Rokan IV Koto', 1406, NULL),
(140603, 'Rambah', 1406, NULL),
(140604, 'Tambusai', 1406, NULL),
(140605, 'Kepenuhan', 1406, NULL),
(140606, 'Kunto Darussalam', 1406, NULL),
(140607, 'Rambah Samo', 1406, NULL),
(140608, 'Rambah Hilir', 1406, NULL),
(140609, 'Tambusai Utara', 1406, NULL),
(140610, 'Bangun Purba', 1406, NULL),
(140611, 'Tandun', 1406, NULL),
(140612, 'Kabun', 1406, NULL),
(140613, 'Bonai Darussalam', 1406, NULL),
(140614, 'Pagaran Tapah Darussalam', 1406, NULL),
(140615, 'Kepenuhan Hulu', 1406, NULL),
(140616, 'Pendalian IV Koto', 1406, NULL),
(140701, 'Kubu', 1407, NULL),
(140702, 'Bangko', 1407, NULL),
(140703, 'Tanah Putih', 1407, NULL),
(140704, 'Rimba Melintang', 1407, NULL),
(140705, 'Bagan Sinembah', 1407, NULL),
(140706, 'Pasir Limau Kapas', 1407, NULL),
(140707, 'Sinaboi', 1407, NULL),
(140708, 'Pujud', 1407, NULL),
(140709, 'Tanah Putih Tanjung Melawan', 1407, NULL),
(140710, 'Bangko Pusako', 1407, NULL),
(140711, 'Simpang Kanan', 1407, NULL),
(140712, 'Batu Hampar', 1407, NULL),
(140713, 'Rantau Kopar', 1407, NULL),
(140714, 'Pekaitan', 1407, NULL),
(140715, 'Kubu Babussalam', 1407, NULL),
(140801, 'Siak', 1408, NULL),
(140802, 'Sungai Apit', 1408, NULL),
(140803, 'Minas', 1408, NULL),
(140804, 'Tualang', 1408, NULL),
(140805, 'Sungai Mandau', 1408, NULL),
(140806, 'Dayun', 1408, NULL),
(140807, 'Kerinci Kanan', 1408, NULL),
(140808, 'Bunga Raya', 1408, NULL),
(140809, 'Koto Gasib', 1408, NULL),
(140810, 'Kandis', 1408, NULL),
(140811, 'Lubuk Dalam', 1408, NULL),
(140812, 'Sabak Auh', 1408, NULL),
(140813, 'Mempura', 1408, NULL),
(140814, 'Pusako', 1408, NULL),
(140901, 'Kuantan Mudik', 1409, NULL),
(140902, 'Kuantan Tengah', 1409, NULL),
(140903, 'Singingi', 1409, NULL),
(140904, 'Kuantan Hilir', 1409, NULL),
(140905, 'Cerenti', 1409, NULL),
(140906, 'Benai', 1409, NULL),
(140907, 'Gunungtoar', 1409, NULL),
(140908, 'Singingi Hilir', 1409, NULL),
(140909, 'Pangean', 1409, NULL),
(140910, 'Logas Tanah Darat', 1409, NULL),
(140911, 'Inuman', 1409, NULL),
(140912, 'Hulu Kuantan', 1409, NULL),
(140913, 'Kuantan Hilir Seberang', 1409, NULL),
(140914, 'Sentajo Raya', 1409, NULL),
(140915, 'Pucuk Rantau', 1409, NULL),
(141001, 'Tebing Tinggi', 1410, NULL),
(141002, 'Rangsang Barat', 1410, NULL),
(141003, 'Rangsang', 1410, NULL),
(141004, 'Tebing Tinggi Barat', 1410, NULL),
(141005, 'Merbau', 1410, NULL),
(141006, 'Pulaumerbau', 1410, NULL),
(141007, 'Tebing Tinggi Timur', 1410, NULL),
(141008, 'Tasik Putri Puyu', 1410, NULL),
(141009, 'Rangsang Pesisir', 1410, NULL),
(147101, 'Sukajadi', 1471, 1),
(147102, 'Pekanbaru Kota', 1471, 1),
(147103, 'Sail', 1471, 3),
(147104, 'Lima Puluh', 1471, 1),
(147105, 'Senapelan', 1471, 6),
(147106, 'Rumbai', 1471, 2),
(147107, 'Bukit Raya', 1471, 4),
(147108, 'Tampan', 1471, 5),
(147109, 'Marpoyan Damai', 1471, 4),
(147110, 'Tenayan Raya', 1471, 3),
(147111, 'Payung Sekaki', 1471, 6),
(147112, 'Rumbai Pesisir', 1471, 2),
(147201, 'Dumai Barat', 1472, NULL),
(147202, 'Dumai Timur', 1472, NULL),
(147203, 'Bukit Kapur', 1472, NULL),
(147204, 'Sungai Sembilan', 1472, NULL),
(147205, 'Medang Kampai', 1472, NULL),
(147206, 'Dumai Kota', 1472, NULL),
(147207, 'Dumai Selatan', 1472, NULL);

-- --------------------------------------------------------

--
-- Table structure for table `tb_kelurahan`
--

CREATE TABLE `tb_kelurahan` (
  `id_kelurahan` int(11) NOT NULL,
  `nama` varchar(100) NOT NULL,
  `id_kec` int(11) NOT NULL
) ENGINE=InnoDB DEFAULT CHARSET=utf8mb4;

--
-- Dumping data for table `tb_kelurahan`
--

INSERT INTO `tb_kelurahan` (`id_kelurahan`, `nama`, `id_kec`) VALUES
(1401011011, 'Bangkinang', 140101),
(1401011013, 'Langgini Sialang', 140101),
(1401012009, 'Kumantan', 140101),
(1401012010, 'Rindan Permai', 140101),
(1401021027, 'Air Tiris', 140102),
(1401022001, 'Batu Belah', 140102),
(1401022003, 'Tanjung Berulak', 140102),
(1401022006, 'Ranah', 140102),
(1401022007, 'Penyasawan', 140102),
(1401022008, 'Rumbio', 140102),
(1401022013, 'Padang Mutung', 140102),
(1401022023, 'Pulau Jambu', 140102),
(1401022024, 'Tanjung Rambutan', 140102),
(1401022025, 'Simpang Kubu', 140102),
(1401022028, 'Limau Manis', 140102),
(1401022030, 'Naumbai', 140102),
(1401022031, 'Pulau Tinggi', 140102),
(1401022032, 'Ranah Baru', 140102),
(1401022033, 'Bukit Ranah', 140102),
(1401022034, 'Pulau Sarak', 140102),
(1401022035, 'Koto Tibun', 140102),
(1401022036, 'Ranah Singkuang', 140102),
(1401032001, 'Tambang', 140103),
(1401032002, 'Kuapan', 140103),
(1401032003, 'Gobah', 140103),
(1401032004, 'Teluk Kenidai', 140103),
(1401032005, 'Aursati', 140103),
(1401032006, 'Padang Luas', 140103),
(1401032007, 'Terantang', 140103),
(1401032008, 'Kualu', 140103),
(1401032009, 'Rimbo Panjang', 140103),
(1401032010, 'Parit Baru', 140103),
(1401032011, 'Kemang Indah', 140103),
(1401032012, 'Kualu Nenas', 140103),
(1401032013, 'Tarai Bangun', 140103),
(1401032014, 'Sungai Pinang', 140103),
(1401032015, 'Balam Jaya', 140103),
(1401032016, 'Pulaupermai', 140103),
(1401032017, 'Palungraya', 140103),
(1401041018, 'Batu Bersurat', 140104),
(1401042004, 'Gunung Bungsu', 140104),
(1401042005, 'Koto Tuo', 140104),
(1401042006, 'Balung', 140104),
(1401042007, 'Muara Takus', 140104),
(1401042010, 'Pulau Gadang', 140104),
(1401042011, 'Tanjung Alai', 140104),
(1401042012, 'Ranah Sungkai', 140104),
(1401042013, 'Lubuk Agung', 140104),
(1401042014, 'Koto Mesjid', 140104),
(1401042016, 'Pongkai Istiqomah', 140104),
(1401042017, 'Binamang', 140104),
(1401042019, 'Koto Tuo Barat', 140104),
(1401052001, 'Kuok', 140105),
(1401052005, 'Merangin', 140105),
(1401052006, 'Empat Balai', 140105),
(1401052007, 'Pulau Jambu', 140105),
(1401052008, 'Silam', 140105),
(1401052010, 'Bukit Melintang', 140105),
(1401052011, 'Pulau Terap', 140105),
(1401052012, 'Lereng', 140105),
(1401052013, 'Batulangka Kecil', 140105),
(1401062001, 'Pangkalan Baru', 140106),
(1401062002, 'Desa Baru', 140106),
(1401062003, 'Teratak Buluh', 140106),
(1401062005, 'Lubuk Siam', 140106),
(1401062006, 'Buluh Cina', 140106),
(1401062007, 'Buluh Nipis', 140106),
(1401062011, 'Tanah Merah', 140106),
(1401062012, 'Pandau Jaya', 140106),
(1401062013, 'Tanjung Balam', 140106),
(1401062014, 'Kepau Jaya', 140106),
(1401062015, 'Pangkalan Serik', 140106),
(1401062016, 'Kubang Jaya', 140106),
(1401071027, 'Lipat Kain', 140107),
(1401072003, 'Kuntu', 140107),
(1401072004, 'Padang Sawah', 140107),
(1401072005, 'Domo', 140107),
(1401072006, 'IV Koto Setingkai', 140107),
(1401072008, 'Teluk Paman', 140107),
(1401072013, 'Sungai Geringging', 140107),
(1401072016, 'Sungai Paku', 140107),
(1401072019, 'Muara Selayah', 140107),
(1401072020, 'Sungai Rambai', 140107),
(1401072021, 'Tanjung Harapan', 140107),
(1401072023, 'Sungai Raja', 140107),
(1401072026, 'Sungai Sarik', 140107),
(1401072028, 'Lipat Kain Utara', 140107),
(1401072029, 'Lipat Kain Selatan', 140107),
(1401072030, 'Kuntu Darussalam', 140107),
(1401072031, 'Tanjungmas', 140107),
(1401072032, 'Sungaiharapan', 140107),
(1401072033, 'Sungailiti', 140107),
(1401072034, 'Telukpaman Timur', 140107),
(1401081001, 'Sungai Pagar', 140108),
(1401082002, 'Mentulik', 140108),
(1401082003, 'Sungai Simpang Dua', 140108),
(1401082004, 'Sungai Bungo', 140108),
(1401082005, 'Rantau Kasih', 140108),
(1401082006, 'Sungai Petai', 140108),
(1401082007, 'Gading Permai', 140108),
(1401082008, 'Bangun Sari', 140108),
(1401092001, 'Gema', 140109),
(1401092002, 'Tanjung Belit', 140109),
(1401092003, 'Tanjung Belit Selatan', 140109),
(1401092004, 'Koto Lama', 140109),
(1401092005, 'Batu Sanggan', 140109),
(1401092006, 'Aur Kuning', 140109),
(1401092007, 'Ludai', 140109),
(1401092008, 'Tanjung Karang', 140109),
(1401092009, 'Batu Sasak', 140109),
(1401092010, 'Pangkalan Kapas', 140109),
(1401092011, 'Kebun Tinggi', 140109),
(1401092012, 'Tanjung Beringin', 140109),
(1401092013, 'Gajah Bertalut', 140109),
(1401092014, 'Danau Sontul', 140109),
(1401092015, 'Pangkalan Serai', 140109),
(1401092016, 'Dua Sepakat', 140109),
(1401092017, 'Terusan', 140109),
(1401092018, 'Deras Tajak', 140109),
(1401092019, 'Sungai Santi', 140109),
(1401092020, 'Subayang Jaya', 140109),
(1401092021, 'Tanjung Permai', 140109),
(1401092022, 'Bukitbetung', 140109),
(1401092023, 'Muarobio', 140109),
(1401092024, 'Lubuk Bingau', 140109),
(1401102001, 'Petapahan', 140110),
(1401102002, 'Pantai Cermin', 140110),
(1401102003, 'Patahapan Jaya', 140110),
(1401102004, 'Mukti Sari', 140110),
(1401102005, 'Sungai Putih', 140110),
(1401102006, 'Indra Sakti', 140110),
(1401102007, 'Gading Sari', 140110),
(1401102008, 'Sumber Makmur', 140110),
(1401102009, 'Pancuran Gading', 140110),
(1401102010, 'Sari Galuh', 140110),
(1401102011, 'Tri Manunggal', 140110),
(1401102012, 'Air Terbit', 140110),
(1401102013, 'Tanjung Sawit', 140110),
(1401102014, 'Pagaruyung', 140110),
(1401102015, 'Sibuak', 140110),
(1401102016, 'Pelambayan', 140110),
(1401102017, 'Kenantan', 140110),
(1401102018, 'Indrapuri', 140110),
(1401102019, 'Sungai Lambu Makmur', 140110),
(1401102020, 'Muara Mahat Baru', 140110),
(1401102021, 'Karya Indah', 140110),
(1401102022, 'Kijang Rejo', 140110),
(1401102023, 'Sungai Agung', 140110),
(1401102024, 'Bencah Kelubi', 140110),
(1401102025, 'Batugajah', 140110),
(1401112001, 'Koto Garo', 140111),
(1401112002, 'Sekijang', 140111),
(1401112003, 'Beringin Lestari', 140111),
(1401112004, 'Kota Bangun', 140111),
(1401112005, 'Cinta Damai', 140111),
(1401112006, 'Suka Maju', 140111),
(1401112007, 'Kota Baru', 140111),
(1401112008, 'Tebing Lestari', 140111),
(1401112009, 'Tanah Tinggi', 140111),
(1401112010, 'Koto Aman', 140111),
(1401112011, 'Tapung Lestari', 140111),
(1401112012, 'Tapung Makmur', 140111),
(1401112013, 'Tandan Sari', 140111),
(1401112014, 'Gerbang Sari', 140111),
(1401112015, 'Kijang Jaya', 140111),
(1401112016, 'Kijang Makmur', 140111),
(1401122001, 'Senama Nenek', 140112),
(1401122002, 'Kasikan', 140112),
(1401122003, 'Bukit Kemuning', 140112),
(1401122004, 'Danau Lancang', 140112),
(1401122005, 'Muara Intan', 140112),
(1401122006, 'Intan Jaya', 140112),
(1401122007, 'Tanah Datar', 140112),
(1401122008, 'Rimba Jaya', 140112),
(1401122009, 'Rimba Makmur', 140112),
(1401122010, 'Rimba Beringin', 140112),
(1401122011, 'Sukaramai', 140112),
(1401122012, 'Sumber Sari', 140112),
(1401122013, 'Kusau Makmur', 140112),
(1401122014, 'Talang Danto', 140112),
(1401132001, 'Salo', 140113),
(1401132002, 'Siabu', 140113),
(1401132003, 'Salo Timur', 140113),
(1401132004, 'Sepungguk', 140113),
(1401132005, 'Ganting Damai', 140113),
(1401132006, 'Ganting', 140113),
(1401142001, 'Pulau Payung', 140114),
(1401142002, 'Teratak', 140114),
(1401142003, 'Alam Panjang', 140114),
(1401142004, 'Bukit Keratai', 140114),
(1401142005, 'Batang Betindah', 140114),
(1401142006, 'Tambusai', 140114),
(1401142007, 'Simpang Petai', 140114),
(1401151007, 'Pulau', 140115),
(1401151008, 'Pasir Sialang', 140115),
(1401152001, 'Pulau Lawas', 140115),
(1401152002, 'Muara Uwai', 140115),
(1401152003, 'Laboy Jaya', 140115),
(1401152004, 'Bukitpayung', 140115),
(1401152005, 'Suka Mulya', 140115),
(1401152006, 'Bukit Sembilan', 140115),
(1401152009, 'Binuang', 140115),
(1401162001, 'Kampung Pinang', 140116),
(1401162002, 'Pantai Raja', 140116),
(1401162003, 'Hangtuah', 140116),
(1401162004, 'Sialang Kubang', 140116),
(1401162005, 'Lubuk Sakat', 140116),
(1401172001, 'Pulau Birandang', 140117),
(1401172002, 'Pulau Rambai', 140117),
(1401172003, 'Kampar', 140117),
(1401172004, 'Koto Perambahan', 140117),
(1401172005, 'Sei Putih', 140117),
(1401172006, 'Deli Makmur', 140117),
(1401172007, 'Sungaitarap', 140117),
(1401172008, 'Tanjungbungo', 140117),
(1401172009, 'Sawahbaru', 140117),
(1401182001, 'Muara Jalai', 140118),
(1401182002, 'Sawah', 140118),
(1401182003, 'Kampung Panjang', 140118),
(1401182004, 'Kayu Aro', 140118),
(1401182005, 'Sei Tonang', 140118),
(1401182006, 'Sei Jalau', 140118),
(1401182007, 'Sendayan', 140118),
(1401182008, 'Naga Beralih', 140118),
(1401192001, 'Simalinyang', 140119),
(1401192002, 'Bina Baru', 140119),
(1401192003, 'Hidup Baru', 140119),
(1401192004, 'Karya Bakti', 140119),
(1401192005, 'Lubuk Sakai', 140119),
(1401192006, 'Penghidupan', 140119),
(1401192007, 'Mayang Pongkai', 140119),
(1401192008, 'Koto Damai', 140119),
(1401192009, 'Utama Karya', 140119),
(1401192010, 'Bukit Sakai', 140119),
(1401192011, 'Mekar Jaya', 140119),
(1401202001, 'Kebun Durian', 140120),
(1401202002, 'Gunung Sahilan', 140120),
(1401202003, 'Gunung Sari', 140120),
(1401202004, 'Suka Makmur', 140120),
(1401202005, 'Subarak', 140120),
(1401202006, 'Sungai Lipai', 140120),
(1401202007, 'Sahilan Darussalam', 140120),
(1401202008, 'Gunung Mulya', 140120),
(1401202009, 'Makmur Sejahtera', 140120),
(1401212001, 'Siberuang', 140121),
(1401212002, 'Bandur Picak', 140121),
(1401212003, 'Gunung Malelo', 140121),
(1401212004, 'Tabing', 140121),
(1401212005, 'Pongkai', 140121),
(1401212006, 'Tanjung', 140121),
(1402011004, 'Kampung Dagang', 140201),
(1402011006, 'Pasar Kota', 140201),
(1402011007, 'Kampung Besar Kota', 140201),
(1402011008, 'Sekip Hulu', 140201),
(1402011011, 'Kmp Besar Seberang', 140201),
(1402011018, 'Sekip Hilir Jumat', 140201),
(1402012001, 'Sungai Guntung Tengah', 140201),
(1402012002, 'Sungai Guntung Hilir', 140201),
(1402012003, 'Kuantan Baru', 140201),
(1402012005, 'Kampung Pulau', 140201),
(1402012009, 'Sungai Beringin', 140201),
(1402012010, 'Pasir Kemilu', 140201),
(1402012012, 'Rantau Mapesai', 140201),
(1402012013, 'Pulau Gajah', 140201),
(1402012014, 'Sungai Raya', 140201),
(1402012023, 'Rawa Bangun', 140201),
(1402021009, 'Pematang Reba', 140202),
(1402022001, 'Barangan', 140202),
(1402022002, 'Alang Kepayang', 140202),
(1402022003, 'Kota Lama', 140202),
(1402022004, 'Redang', 140202),
(1402022005, 'Pekan Heran', 140202),
(1402022006, 'Rantau Bakung', 140202),
(1402022007, 'Talang Jerinjing', 140202),
(1402022008, 'Sialang Dua Dahan', 140202),
(1402022010, 'Sungai Dawu', 140202),
(1402022011, 'Bukit Petaling', 140202),
(1402022012, 'Pematang Jaya', 140202),
(1402022013, 'Danau Baru', 140202),
(1402022014, 'Tanah Datar', 140202),
(1402022015, 'Tani Makmur', 140202),
(1402022016, 'Sungai Baung', 140202),
(1402022017, 'Danau Tiga', 140202),
(1402022018, 'Air Jernih', 140202),
(1402031019, 'Simpang Kelayang', 140203),
(1402032007, 'Pulau Sengkilo', 140203),
(1402032008, 'Kota Medan', 140203),
(1402032009, 'Simpang Kota Medan', 140203),
(1402032010, 'Polak Pisang', 140203),
(1402032018, 'Pelangko', 140203),
(1402032020, 'Teluk Sejuah', 140203),
(1402032021, 'Bongkal Malang', 140203),
(1402032022, 'Dusun Tua', 140203),
(1402032024, 'Sungai Banyak Ikan', 140203),
(1402032025, 'Tanjung Beludu', 140203),
(1402032026, 'Sungai Pasir Putih', 140203),
(1402032027, 'Sungai Golang', 140203),
(1402032028, 'Pasir Beringin', 140203),
(1402032029, 'Sungai Kuning Binio', 140203),
(1402032030, 'Bukit Selanjut', 140203),
(1402032031, 'Dusun Tua Pelang', 140203),
(1402041007, 'Air Molek', 140204),
(1402041020, 'Kembang Harum Beras Hilir', 140204),
(1402041031, 'Tanjung Gading', 140204),
(1402041032, 'Sekar Mawar', 140204),
(1402041033, 'Tanah Merah', 140204),
(1402042006, 'Petalongan', 140204),
(1402042008, 'Air Molek II', 140204),
(1402042009, 'Pasir Keranji', 140204),
(1402042016, 'Jati Rejo', 140204),
(1402042017, 'Batu Gajah', 140204),
(1402042018, 'Candi Rejo', 140204),
(1402042019, 'Lembah Dusun Gading', 140204),
(1402042030, 'Serumpun Jaya', 140204),
(1402051005, 'Peranap', 140205),
(1402051008, 'Batu Rijal Hilir', 140205),
(1402052003, 'Semelinang Tebing', 140205),
(1402052004, 'Gumanti', 140205),
(1402052007, 'Batu Rijal Hulu', 140205),
(1402052009, 'Semelinang Darat', 140205),
(1402052010, 'Pauh Ranap', 140205),
(1402052012, 'Serai Wangi', 140205),
(1402052013, 'Pandan Wangi', 140205),
(1402052017, 'Katipo Pura', 140205),
(1402052019, 'Batu Rijal Barat', 140205),
(1402052020, 'Setako Raya', 140205),
(1402061001, 'Pangkalan Kasai', 140206),
(1402062002, 'Kelesa', 140206),
(1402062003, 'Beligan', 140206),
(1402062004, 'Seresam', 140206),
(1402062005, 'Paya Rumbai', 140206),
(1402062006, 'Bukit Meranti', 140206),
(1402062007, 'Buluh Rampai', 140206),
(1402062008, 'Titian Resak', 140206),
(1402062009, 'Petala Bumi', 140206),
(1402062010, 'Sibabat', 140206),
(1402062011, 'Bandar Padang', 140206),
(1402072002, 'Anak Talang', 140207),
(1402072004, 'Bukit Lingkar', 140207),
(1402072005, 'Bukit Lipai', 140207),
(1402072006, 'Kuala Gading', 140207),
(1402072007, 'Kuala Kilan', 140207),
(1402072008, 'Kerubung Jaya', 140207),
(1402072009, 'Pejangki', 140207),
(1402072010, 'Pematang Manggis', 140207),
(1402072011, 'Sipang', 140207),
(1402072012, 'Talang Bersemi', 140207),
(1402072013, 'Talang Mulya', 140207),
(1402072014, 'Punti Anai', 140207),
(1402072015, 'Petaling Jaya', 140207),
(1402072017, 'Cenaku Kecil', 140207),
(1402072018, 'Alim', 140207),
(1402072019, 'Aur Cina', 140207),
(1402072020, 'Lahai Kemuning', 140207),
(1402072021, 'Kepayang Sari', 140207),
(1402072022, 'Batu Papan', 140207),
(1402072023, 'Sanglap', 140207),
(1402082001, 'Siambul', 140208),
(1402082002, 'Rantai Langsat', 140208),
(1402082003, 'Sungai Akar', 140208),
(1402082004, 'Usul', 140208),
(1402082005, 'Seberida', 140208),
(1402082006, 'Talang Lakat', 140208),
(1402082007, 'Belimbing', 140208),
(1402082008, 'Ringin', 140208),
(1402082010, 'Penyaguan', 140208),
(1402082011, 'Danau Rambai', 140208),
(1402092001, 'Japura', 140209),
(1402092002, 'Sidomulyo', 140209),
(1402092003, 'Pasir Ringgit', 140209),
(1402092004, 'Gudang Batu', 140209),
(1402092005, 'Sungai Sagu', 140209),
(1402092006, 'Lirik Area', 140209),
(1402092007, 'Rejosari', 140209),
(1402092008, 'Lambang Sari V', 140209),
(1402092009, 'Lambang Sari IV', 140209),
(1402092010, 'Lambang Sari I, II, III', 140209),
(1402092011, 'Wonosari', 140209),
(1402092012, 'Seko Lubuk Tigo', 140209),
(1402092013, 'Banjar Balam', 140209),
(1402092014, 'Redang Seko', 140209),
(1402092015, 'Sukajadi', 140209),
(1402092016, 'Mekar Sari', 140209),
(1402092017, 'Pasir Sialang Jaya', 140209),
(1402102001, 'Tambak', 140210),
(1402102002, 'Kuala Cenaku', 140210),
(1402102003, 'Pulau Gelang', 140210),
(1402102004, 'Kuala Mulia', 140210),
(1402102005, 'Tanjung Sari', 140210),
(1402102006, 'Rawa Sekip', 140210),
(1402102007, 'Rawa Asri', 140210),
(1402102008, 'Suka Jadi', 140210),
(1402102009, 'Teluk Sungkai', 140210),
(1402102010, 'Pulau Jum\'at', 140210),
(1402112001, 'Morong', 140211),
(1402112002, 'Pasir Bongkal', 140211),
(1402112003, 'Pasir Selabu', 140211),
(1402112004, 'Pasir Batu Mandi', 140211),
(1402112005, 'Pasir Kelampaian', 140211),
(1402112006, 'Kuala Lala', 140211),
(1402112007, 'Sungai Lala', 140211),
(1402112008, 'Kelawat', 140211),
(1402112009, 'Perkebunan Sungai Parit', 140211),
(1402112010, 'Perkebunan Sungai Lala', 140211),
(1402112011, 'Tanjung Danau', 140211),
(1402112012, 'Sungai Air Putih', 140211),
(1402122001, 'Rimpian', 140212),
(1402122002, 'Pondok Gelugur', 140212),
(1402122003, 'Lubuk Batu Tinggal', 140212),
(1402122004, 'Sei Beberas Hilir', 140212),
(1402122005, 'Kulim Jaya', 140212),
(1402122006, 'Sei Beras Beras', 140212),
(1402122007, 'Tasik Juang', 140212),
(1402122008, 'Pontian Mekar', 140212),
(1402122009, 'Air Putih', 140212),
(1402132001, 'Talang 7 Buah Tangga', 140213),
(1402132002, 'Talang Durian Cacar', 140213),
(1402132003, 'Talang Selantai', 140213),
(1402132004, 'Talang Perigi', 140213),
(1402132005, 'Kuantan Tenang', 140213),
(1402132006, 'Kota Baru', 140213),
(1402132007, 'Rimba Seminai', 140213),
(1402132008, 'Kelayang', 140213),
(1402132009, 'Talang Gedabu', 140213),
(1402132010, 'Talang Sungai Limau', 140213),
(1402132011, 'Talang Sungai Parit', 140213),
(1402132012, 'Batu Sawar', 140213),
(1402132013, 'Petonggan', 140213),
(1402132014, 'Lubuk Sitarak', 140213),
(1402132015, 'Bukit Indah', 140213),
(1402132016, 'Sungai Ekok', 140213),
(1402132017, 'Talang Suka Maju', 140213),
(1402132018, 'Kampung Bunga', 140213),
(1402132019, 'Talang Pring Jaya', 140213),
(1402142001, 'Pesajian', 140214),
(1402142002, 'Punti Kayu', 140214),
(1402142003, 'Pematang', 140214),
(1402142004, 'Selunak', 140214),
(1402142005, 'Suka Maju', 140214),
(1402142006, 'Pematang Benteng', 140214),
(1402142007, 'Sencano Jaya', 140214),
(1402142008, 'Sungai Aur', 140214),
(1402142009, 'Peladangan', 140214),
(1402142010, 'Koto Tuo', 140214),
(1403011001, 'Kota Bengkalis', 140301),
(1403011002, 'Damon', 140301),
(1403011003, 'Rimba Sekampung', 140301),
(1403012004, 'Kelapapati', 140301),
(1403012005, 'Pedekik', 140301),
(1403012006, 'Pangkalan Batang', 140301),
(1403012007, 'Sebauk', 140301),
(1403012008, 'Teluklatak', 140301),
(1403012009, 'Meskom', 140301),
(1403012010, 'Senggoro', 140301),
(1403012011, 'Air Putih', 140301),
(1403012012, 'Sei Alam', 140301),
(1403012013, 'Penampi', 140301),
(1403012014, 'Temeran', 140301),
(1403012015, 'Penebal', 140301),
(1403012016, 'Pematang Duku', 140301),
(1403012017, 'Ketam Putih', 140301),
(1403012018, 'Kelemantan', 140301),
(1403012019, 'Sekodi', 140301),
(1403012020, 'Wonosari', 140301),
(1403012021, 'Kuala Alam', 140301),
(1403012022, 'Kelebuk', 140301),
(1403012023, 'Palkun', 140301),
(1403012024, 'Sungaibatang', 140301),
(1403012025, 'Prapat Tunggal', 140301),
(1403012026, 'Simpang Ayam', 140301),
(1403012027, 'Senderek', 140301),
(1403012028, 'Kelemantan Barat', 140301),
(1403012029, 'Damai', 140301),
(1403012030, 'Pangkalan Batang Barat', 140301),
(1403012031, 'Pematang Duku Timur', 140301),
(1403022001, 'Bantan Tengah', 140302),
(1403022002, 'Bantan Air', 140302),
(1403022003, 'Bantan Tua', 140302),
(1403022004, 'Telukpambang', 140302),
(1403022005, 'Selat Baru', 140302),
(1403022006, 'Teluklancar', 140302),
(1403022007, 'Kembung Luar', 140302),
(1403022008, 'Jangkang', 140302),
(1403022009, 'Muntai', 140302),
(1403022010, 'Resam Lapis', 140302),
(1403022011, 'Berancah', 140302),
(1403022012, 'Ulu Pulau', 140302),
(1403022013, 'Mentayan', 140302),
(1403022014, 'Pampang Pesisir', 140302),
(1403022015, 'Sukamaju', 140302),
(1403022016, 'Pampang Baru', 140302),
(1403022017, 'Kembung Baru', 140302),
(1403022018, 'Pasiran', 140302),
(1403022019, 'Bantan Sari', 140302),
(1403022020, 'Bantan Timur', 140302),
(1403022021, 'Telukpapal', 140302),
(1403022022, 'Muntai Barat', 140302),
(1403022023, 'Deluk', 140302),
(1403031010, 'Sungaipakning-Api', 140303),
(1403032001, 'Sejangat', 140303),
(1403032002, 'Dompas', 140303),
(1403032003, 'Pangkalan Jambi', 140303),
(1403032004, 'Sungaiselari', 140303),
(1403032005, 'Buruk Bakul', 140303),
(1403032006, 'Bukit Batu', 140303),
(1403032007, 'Sukajadi', 140303),
(1403032016, 'Batang Duku', 140303),
(1403032017, 'Pakning Asal', 140303),
(1403091001, 'Air Jamban', 140309),
(1403091002, 'Babussalam', 140309),
(1403091003, 'Batang Serosa', 140309),
(1403091004, 'Balik Alam', 140309),
(1403091006, 'Duri Barat', 140309),
(1403091007, 'Duri Timur', 140309),
(1403091008, 'Gajah Sakti', 140309),
(1403091009, 'Talang Mandi', 140309),
(1403091010, 'Pematang Pudu', 140309),
(1403092011, 'Harapan Baru', 140309),
(1403092021, 'Bathin Betuah', 140309),
(1403101001, 'Batu Panjang', 140310),
(1403101002, 'Pergam', 140310),
(1403101003, 'Terkul', 140310),
(1403101004, 'Tanjungkapal', 140310),
(1403102005, 'Sungaicingam', 140310),
(1403102006, 'Teluklecah', 140310),
(1403102007, 'Makeruh', 140310),
(1403102008, 'Hutan Panjang', 140310),
(1403102009, 'Pangkalan Nyirih', 140310),
(1403102010, 'Sukarjo Mesin', 140310),
(1403102011, 'Darul Aman', 140310),
(1403102012, 'Parit Kebumen', 140310),
(1403102013, 'Sri Tanjung', 140310),
(1403102014, 'Pancur Jaya', 140310),
(1403102015, 'Pangkalan Pinang', 140310),
(1403102016, 'Dungun Baru', 140310),
(1403112001, 'Tanjungmedang', 140311),
(1403112002, 'Telukrhu', 140311),
(1403112003, 'Tanjungpunak', 140311),
(1403112004, 'Kadur', 140311),
(1403112005, 'Titi Akar', 140311),
(1403112006, 'Hutan Ayu', 140311),
(1403112007, 'Suka Damai', 140311),
(1403112008, 'Puteri Sembilan', 140311),
(1403122001, 'Lubuk Muda', 140312),
(1403122002, 'Tanjungbelit', 140312),
(1403122003, 'Sungaisiput', 140312),
(1403122004, 'Sepotong', 140312),
(1403122005, 'Lubuk Gaung', 140312),
(1403122006, 'Langkat', 140312),
(1403122007, 'Sadar Jaya', 140312),
(1403122008, 'Sungailinau', 140312),
(1403122009, 'Bandar Jaya', 140312),
(1403122010, 'Muara Dua', 140312),
(1403122011, 'Tanjungdamai', 140312),
(1403122012, 'Sumber Jaya', 140312),
(1403122013, 'Lubuk Garam', 140312),
(1403122014, 'Liang Banir', 140312),
(1403122015, 'Tanjungdatuk', 140312),
(1403122016, 'Koto Raja', 140312),
(1403122017, 'Sungainibung', 140312),
(1403131001, 'Titian Antui', 140313),
(1403131012, 'Balai Raja', 140313),
(1403132003, 'Balai Pungut', 140313),
(1403132005, 'Muara Basung', 140313),
(1403132007, 'Pinggir', 140313),
(1403132008, 'Semunai', 140313),
(1403132011, 'Tengganau', 140313),
(1403132014, 'Sungaimeranti', 140313),
(1403132015, 'Pangkalan Libut', 140313),
(1403132016, 'Buluh Apo', 140313),
(1403142001, 'Paritsatuapi-api', 140314),
(1403142002, 'Temiang', 140314),
(1403142003, 'Api-Api', 140314),
(1403142004, 'Tenggayun', 140314),
(1403142005, 'Sepahat', 140314),
(1403142006, 'Bukitkerikil', 140314),
(1403142007, 'Tanjungleban', 140314),
(1403152001, 'Tasikserai', 140315),
(1403152002, 'Tasikserai Barat', 140315),
(1403152003, 'Kualapenaso', 140315),
(1403152004, 'Beringin', 140315),
(1403152005, 'Kotopaitberingin', 140315),
(1403152006, 'Melibur', 140315),
(1403152007, 'Tasikserai Timur', 140315),
(1403152008, 'Tasiktebingserai', 140315),
(1403152009, 'Seraiwangi', 140315),
(1403162001, 'Petani', 140316),
(1403162002, 'Airkulim', 140316),
(1403162003, 'Buluhmanis', 140316),
(1403162004, 'Bumbung', 140316),
(1403162005, 'Pamesi', 140316),
(1403162006, 'Kesumboampai', 140316),
(1403162007, 'Bathinsobanga', 140316),
(1403162008, 'Sebangar', 140316),
(1403162009, 'Boncahmahang', 140316),
(1403162010, 'Balaimakam', 140316),
(1403162011, 'Tambusaibatangdui', 140316),
(1403162012, 'Simpangpadang', 140316),
(1403162013, 'Pematangobo', 140316),
(1404011001, 'Pulaukijang', 140401),
(1404011017, 'Metro', 140401),
(1404011018, 'Madani', 140401),
(1404012002, 'Sanglar', 140401),
(1404012003, 'Pulaukecil', 140401),
(1404012004, 'Sungaiterap', 140401),
(1404012009, 'Sungaiundan', 140401),
(1404012010, 'Seberang Sanglar', 140401),
(1404012011, 'Mekar Sari', 140401),
(1404012012, 'Seberang Pulau Kijang', 140401),
(1404012013, 'Sungaiasam', 140401),
(1404012014, 'Pulauruku', 140401),
(1404012019, 'Tanjunglabuh', 140401),
(1404012020, 'Sungaimahang', 140401),
(1404021001, 'Enok', 140402),
(1404021002, 'Pusaran', 140402),
(1404021003, 'Telukmedan', 140402),
(1404021013, 'Pantaiseberang Makmur', 140402),
(1404022004, 'Pengalihan', 140402),
(1404022005, 'Sungaiambat', 140402),
(1404022006, 'Simpang Tiga', 140402),
(1404022007, 'Rantau Panjang', 140402),
(1404022008, 'Sungairukam', 140402),
(1404022009, 'Bagan Jaya', 140402),
(1404022010, 'Suhada', 140402),
(1404022011, 'Jaya Bhakti', 140402),
(1404022012, 'Sungailokan', 140402),
(1404022014, 'Simpang Tiga Daratan', 140402),
(1404031007, 'Sapat', 140403),
(1404032001, 'Sungaibuluh', 140403),
(1404032002, 'Tanjunglajau', 140403),
(1404032003, 'Sungaibela', 140403),
(1404032006, 'Telukdalam', 140403),
(1404032008, 'Sungaipiyai', 140403),
(1404032009, 'Perigi Raja', 140403),
(1404032010, 'Tanjungmelayu', 140403),
(1404041001, 'Tembilahan Kota', 140404),
(1404041002, 'Tembilahan Hilir', 140404),
(1404041003, 'Seberang Tembilahan', 140404),
(1404041004, 'Sungaiperak', 140404),
(1404041005, 'Sungaiberingin', 140404),
(1404041006, 'Pekan Arba', 140404),
(1404041007, 'Seberang Tembilahan Barat', 140404),
(1404041008, 'Seberang Tembilahan Selatan', 140404),
(1404051004, 'Sungaisalak', 140405),
(1404051005, 'Tempuling Jaya', 140405),
(1404051016, 'Tanjungpidada', 140405),
(1404051017, 'Pangkalan Tujuh', 140405),
(1404052002, 'Telukkiambang', 140405),
(1404052003, 'Mumpa', 140405),
(1404052007, 'Telukjira', 140405),
(1404052009, 'Karya Tunas Jaya', 140405),
(1404052011, 'Harapan Jaya', 140405),
(1404061004, 'Sungaiempat', 140406),
(1404061005, 'Telukpinang', 140406),
(1404061009, 'Tanjungharapan', 140406),
(1404062001, 'Kuala Gaung', 140406),
(1404062002, 'Telukpantaian', 140406),
(1404062003, 'Teluksungka', 140406),
(1404062006, 'Sungaiiliran', 140406),
(1404062007, 'Teluktuasan', 140406),
(1404062008, 'Rambaian', 140406),
(1404062010, 'Harapan Makmur', 140406),
(1404062011, 'Kelumpang', 140406),
(1404062012, 'Idaman', 140406),
(1404071004, 'Khairiah Mandah', 140407),
(1404072001, 'Pulaucawan', 140407),
(1404072002, 'Belaras', 140407),
(1404072003, 'Bente', 140407),
(1404072005, 'Igal', 140407),
(1404072006, 'Pelanduk', 140407),
(1404072007, 'Bakau Aceh', 140407),
(1404072008, 'Batang Tumu', 140407),
(1404072009, 'Bekawan', 140407),
(1404072010, 'Bantayan', 140407),
(1404072011, 'Batang Sari', 140407),
(1404072012, 'Bolak Raya', 140407),
(1404072013, 'Cahaya Baru', 140407),
(1404072014, 'Belaras Barat', 140407),
(1404072015, 'Sepakat Jaya', 140407),
(1404072016, 'Suraya Mandiri', 140407),
(1404072017, 'Bidari Tanjung Datuk', 140407),
(1404081001, 'Tegaraja', 140408),
(1404081009, 'Amal Bakti', 140408),
(1404081010, 'Bandar Sri Gemilang', 140408),
(1404082002, 'Kuala Selat', 140408),
(1404082003, 'Sungaisimbar', 140408),
(1404082004, 'Penjuru', 140408),
(1404082005, 'Sari Mulia', 140408),
(1404082006, 'Air Tawar', 140408),
(1404082007, 'Tanjungraja', 140408),
(1404082008, 'Sungaiteritip', 140408),
(1404082011, 'Makmur Jaya', 140408),
(1404091003, 'Kota Baru Reteh', 140409),
(1404092001, 'Pebenaan', 140409),
(1404092002, 'Seberang Pebenaan', 140409),
(1404092004, 'Nusantara Jaya', 140409),
(1404092005, 'Kota Baru Seberida', 140409),
(1404092006, 'Kembang Mekarsari', 140409),
(1404092007, 'Pasar Kembang', 140409),
(1404092008, 'Kuala Keritang', 140409),
(1404092009, 'Kuala Lemang', 140409),
(1404092010, 'Telukkelasa', 140409),
(1404092011, 'Pengalihan', 140409),
(1404092012, 'Pancur', 140409),
(1404092013, 'Sencalang', 140409),
(1404092014, 'Petalongan', 140409),
(1404092015, 'Nyiur Permai', 140409),
(1404092016, 'Lintas Utara', 140409),
(1404092017, 'Kayu Raja', 140409),
(1404101001, 'Kuala Enok', 140410),
(1404102002, 'Selatnama', 140410),
(1404102003, 'Sungainyiur', 140410),
(1404102004, 'Tanjungbaru', 140410),
(1404102005, 'Tekulai Hilir', 140410),
(1404102006, 'Tekulai Hulu', 140410),
(1404102007, 'Tekulai Bugis', 140410),
(1404102008, 'Tanjungpasir', 140410),
(1404102009, 'Tanah Merah', 140410),
(1404102010, 'Sungailaut', 140410),
(1404111001, 'Sungaipiring', 140411),
(1404112002, 'Sungailuar', 140411),
(1404112003, 'Sungaidusun', 140411),
(1404112004, 'Sungaijunjangan', 140411),
(1404112005, 'Sungairaya', 140411),
(1404112006, 'Kuala Sebatu', 140411),
(1404112007, 'Tanjungsiantar', 140411),
(1404112008, 'Sungairawa', 140411),
(1404112009, 'Sialang Jaya', 140411),
(1404112010, 'Gemilang Jaya', 140411),
(1404112011, 'Tasik Raya', 140411),
(1404112012, 'Pasir Emas', 140411),
(1404112013, 'Simpang Jaya', 140411),
(1404121006, 'Kuala Lahang', 140412),
(1404122001, 'Terusan Kempas', 140412),
(1404122002, 'Lahang Baru', 140412),
(1404122003, 'Simpang Gaung', 140412),
(1404122004, 'Belantaraya', 140412),
(1404122005, 'Sungaibaru', 140412),
(1404122007, 'Lahang Tengah', 140412),
(1404122008, 'Lahang Hulu', 140412),
(1404122009, 'Pungkat', 140412),
(1404122010, 'Jerambang', 140412),
(1404122011, 'Telukkabung', 140412),
(1404122012, 'Gembira', 140412),
(1404122013, 'Semambu Kuning', 140412),
(1404122014, 'Telukmerbau', 140412),
(1404122015, 'Soren', 140412),
(1404122016, 'Pintasan', 140412),
(1404131001, 'Tembilahan Hulu', 140413),
(1404131005, 'Tembilahan Barat', 140413),
(1404132002, 'Pekan Kamis', 140413),
(1404132003, 'Pulaupalas', 140413),
(1404132004, 'Sialang Panjang', 140413),
(1404132006, 'Sungaiintan', 140413),
(1404141001, 'Selensen', 140414),
(1404142002, 'Batu Ampar', 140414),
(1404142003, 'Keritang', 140414),
(1404142004, 'Air Balui', 140414),
(1404142005, 'Tuk Jimun', 140414),
(1404142006, 'Kemuning Tua', 140414),
(1404142007, 'Kemuning Muda', 140414),
(1404142008, 'Limau Manis', 140414),
(1404142009, 'Lubuk Besar', 140414),
(1404142010, 'Sekara', 140414),
(1404142011, 'Talang Jangkang', 140414),
(1404142012, 'Sekayan', 140414),
(1404151002, 'Pelangiran', 140415),
(1404152001, 'Rotan Semelur', 140415),
(1404152003, 'Simpang Kateman', 140415),
(1404152004, 'Tanjungsimpang', 140415),
(1404152005, 'Baung Rejo Jaya', 140415),
(1404152006, 'Tagagiri Tama Jaya', 140415),
(1404152007, 'Pinang Jaya', 140415),
(1404152008, 'Wonosari', 140415),
(1404152009, 'Tegal Rejo', 140415),
(1404152010, 'Intan Mulia Jaya', 140415),
(1404152011, 'Saka Palas Jaya', 140415),
(1404152012, 'Catur Karya', 140415),
(1404152013, 'Bagan Jaya', 140415),
(1404152014, 'Telukbunian', 140415),
(1404152015, 'Terusan Beringin Jaya', 140415),
(1404152016, 'Hidayah', 140415),
(1404162001, 'Hibrida Mulia', 140416),
(1404162002, 'Indra Sari Jaya', 140416),
(1404162003, 'Tunggal Rahayu Jaya', 140416),
(1404162004, 'Griya Mukti Jaya', 140416),
(1404162005, 'Beringin Mulia', 140416),
(1404162006, 'Hibrida Jaya', 140416),
(1404162007, 'Sumber Jaya', 140416),
(1404162008, 'Sumber Makmur Jaya', 140416),
(1404162009, 'Sumber Sari Jaya', 140416),
(1404162010, 'Kelapa Patih Jaya', 140416),
(1404162011, 'Sapta Mulia Jaya', 140416),
(1404162012, 'Saka Rotan', 140416),
(1404162013, 'Gembaran', 140416),
(1404172001, 'Pulauburung', 140417),
(1404172002, 'Teluknibung', 140417),
(1404172003, 'Sungaidanai', 140417),
(1404172004, 'Mayang Sari Jaya', 140417),
(1404172005, 'Bukit Sari Intan Jaya', 140417),
(1404172006, 'Manunggal Jaya', 140417),
(1404172007, 'Bangun Harjo Jaya', 140417),
(1404172008, 'Ringin Jaya', 140417),
(1404172009, 'Sri Damai', 140417),
(1404172010, 'Sapta Jaya', 140417),
(1404172011, 'Keramat Jaya', 140417),
(1404172012, 'Binagun Jaya', 140417),
(1404172013, 'Suka Jaya', 140417),
(1404172014, 'Sukaharjo Jaya', 140417),
(1404181001, 'Concong Luar', 140418),
(1404182002, 'Concong Dalam', 140418),
(1404182003, 'Concong Tengah', 140418),
(1404182004, 'Kampung Baru', 140418),
(1404182005, 'Panglima Raja', 140418),
(1404182006, 'Sungaiberapit', 140418),
(1404191002, 'Kempas Jaya', 140419),
(1404191007, 'Harapan Tani', 140419),
(1404192001, 'Pekan Tua', 140419),
(1404192003, 'Rumbai Jaya', 140419),
(1404192004, 'Bayas Jaya', 140419),
(1404192005, 'Sungaiara', 140419),
(1404192006, 'Sungaigantang', 140419),
(1404192008, 'Karya Tani', 140419),
(1404192009, 'Kerta Jaya', 140419),
(1404192010, 'Kulim Jaya', 140419),
(1404192011, 'Danaupulai Indah', 140419),
(1404192012, 'Sungairabit', 140419),
(1404201001, 'Benteng', 140420),
(1404202002, 'Benteng Utara', 140420),
(1404202003, 'Pasenggerahan', 140420),
(1404202004, 'Kuala Sungai Batang', 140420),
(1404202005, 'Kuala Patah Parang', 140420),
(1404202006, 'Benteng Barat', 140420),
(1404202007, 'Pandan Sari', 140420),
(1404202008, 'Mugo Mulyo', 140420),
(1405011010, 'Ukui I', 140501),
(1405012001, 'Air Hitam', 140501),
(1405012002, 'Air Emas', 140501),
(1405012003, 'Bukit Gajah', 140501),
(1405012004, 'Bukit Jaya', 140501),
(1405012005, 'Kampung Baru', 140501),
(1405012006, 'Lubuk Kembang Bunga', 140501),
(1405012007, 'Lubuk Kembang Sari', 140501),
(1405012008, 'Silikuan Hulu', 140501),
(1405012009, 'Tri Mulya Jaya', 140501),
(1405012011, 'Ukui Dua', 140501),
(1405012012, 'Bagan Limau', 140501),
(1405021007, 'Pangkalan Kerinci Barat', 140502),
(1405021008, 'Pangkalan Kerinci Kota', 140502),
(1405021009, 'Pangkalan Kerinci Timur Agung', 140502),
(1405022001, 'Mekar Jaya', 140502),
(1405022002, 'Kuala Terusan', 140502),
(1405022003, 'Makmur', 140502),
(1405022005, 'Rantau Baru', 140502),
(1405031001, 'Sorek I', 140503),
(1405032002, 'Sorek II', 140503),
(1405032003, 'Dundangan', 140503),
(1405032004, 'Palas', 140503),
(1405032005, 'Terantang Manuk', 140503),
(1405032006, 'Kemang', 140503),
(1405032007, 'Talau', 140503),
(1405032008, 'Tanjung Beringin', 140503),
(1405032009, 'Betung', 140503),
(1405032010, 'Kesuma', 140503),
(1405032011, 'Surya Indah', 140503),
(1405032012, 'Sialang Indah', 140503),
(1405032013, 'Beringin Indah', 140503),
(1405032014, 'Meranti', 140503),
(1405032015, 'Harapan Jaya', 140503),
(1405032016, 'Batang Kulim', 140503),
(1405032017, 'Sidomukti', 140503),
(1405041001, 'Pangkalan Lesung', 140504),
(1405042002, 'Dusun Tua', 140504),
(1405042003, 'Genduang', 140504),
(1405042004, 'Mayang Sari', 140504),
(1405042005, 'Rawang Sari', 140504),
(1405042006, 'Mulya Subur', 140504),
(1405042007, 'Sari Mulya', 140504),
(1405042008, 'Sari Makmur', 140504),
(1405042009, 'Tanjung Kuyo', 140504),
(1405042010, 'Pesaguan', 140504),
(1405051001, 'Langgam', 140505),
(1405052002, 'Tambak', 140505),
(1405052003, 'Penarikan', 140505),
(1405052004, 'Segati', 140505),
(1405052005, 'Sotol', 140505),
(1405052006, 'Pangkalan Gondai', 140505),
(1405052007, 'Langkan', 140505),
(1405052008, 'Padang Luas', 140505),
(1405061001, 'Pelalawan', 140506),
(1405062002, 'Sungai Ara', 140506),
(1405062003, 'Ransang', 140506),
(1405062004, 'Kuala Tolam', 140506),
(1405062005, 'Sering', 140506),
(1405062006, 'Telayap', 140506),
(1405062007, 'Batang Nilo Kecil', 140506),
(1405062008, 'Delik', 140506),
(1405062010, 'Lalang Kabung', 140506),
(1405071001, 'Kerumutan', 140507),
(1405072002, 'Pangkalan Panduk', 140507),
(1405072003, 'Pangkalan Tampui', 140507),
(1405072004, 'Bukit Lembah Subur', 140507),
(1405072005, 'Banjar Panjang', 140507),
(1405072006, 'Beringin Makmur', 140507),
(1405072007, 'Pematang Tinggi', 140507),
(1405072008, 'Tanjung Air Hitam', 140507),
(1405072009, 'Mak Teduh', 140507),
(1405072010, 'Lipai Bulan', 140507),
(1405081011, 'Pangkalan Bunut Terap', 140508),
(1405082001, 'Petani', 140508),
(1405082002, 'Merbau', 140508),
(1405082003, 'Sungai Buluh', 140508),
(1405082008, 'Lubuk Mas', 140508),
(1405082009, 'Balam Merah', 140508),
(1405082010, 'Bagan Labah', 140508),
(1405082013, 'Lubuk Mandian Gajah', 140508),
(1405082017, 'Keriung', 140508),
(1405082018, 'Sialang Kayu Batu', 140508),
(1405091001, 'Teluk Meranti', 140509),
(1405092002, 'Kuala Panduk', 140509),
(1405092003, 'Petodaan', 140509),
(1405092004, 'Teluk Binjai', 140509),
(1405092005, 'Pulau Muda', 140509),
(1405092006, 'Gambut Mutiara', 140509),
(1405092007, 'Labuhan Bilik', 140509),
(1405092008, 'Pangkalan Terap', 140509),
(1405092009, 'Segamai', 140509),
(1405101001, 'Teluk Dalam', 140510),
(1405102002, 'Tanjung Sum', 140510),
(1405102003, 'Sungai Solok', 140510),
(1405102004, 'Sungai Upih', 140510),
(1405102005, 'Teluk', 140510),
(1405102006, 'Serapung', 140510),
(1405102007, 'Teluk Beringin', 140510),
(1405102008, 'Sokoi', 140510),
(1405102009, 'Sungai Mas', 140510),
(1405102010, 'Teluk Bakau', 140510),
(1405111001, 'Sei Kijang', 140511),
(1405112002, 'Lubuk Ogung', 140511),
(1405112003, 'Simpang Beringin', 140511),
(1405112004, 'Muda Setia', 140511),
(1405112005, 'Kiab Jaya', 140511),
(1405121002, 'Rawang Empat', 140512),
(1405122001, 'Kuala Semundam', 140512),
(1405122003, 'Tambun', 140512),
(1405122004, 'Terbangiang', 140512),
(1405122005, 'Lubuk Terap', 140512),
(1405122006, 'Angkasa', 140512),
(1405122007, 'Sialang Godang', 140512),
(1405122008, 'Lubuk Raja', 140512),
(1405122009, 'Lubuk Keranji Timur', 140512),
(1405122010, 'Airterjun', 140512),
(1405122011, 'Sialang Bungkuk', 140512),
(1406011001, 'Ujung Batu', 140601),
(1406012002, 'Suka Damai', 140601),
(1406012003, 'Ngaso', 140601),
(1406012004, 'Ujung Batu Timur', 140601),
(1406012005, 'Pematang Tebih', 140601),
(1406021001, 'Rokan', 140602),
(1406022002, 'Cipang Kanan', 140602),
(1406022003, 'Cipang Kiri Hulu', 140602),
(1406022004, 'Cipang Kiri Hilir', 140602),
(1406022006, 'Tanjung Medan', 140602),
(1406022007, 'Lubuk Bendahara Timur', 140602),
(1406022008, 'Lubuk Bendahara', 140602),
(1406022010, 'Sikebau Jaya', 140602),
(1406022013, 'Rokan Koto Ruang', 140602),
(1406022014, 'Rokan Timur', 140602),
(1406022016, 'Lubuk Betung', 140602),
(1406022017, 'Pemandang', 140602),
(1406022018, 'Alahan', 140602),
(1406022019, 'Tibawan', 140602),
(1406031001, 'Pasir Pengarayan', 140603),
(1406032002, 'Rambah Tengah Utara', 140603),
(1406032003, 'Rambah Tengah Hilir', 140603),
(1406032004, 'Rambah Tengah Hulu', 140603),
(1406032005, 'Rambah Tengah Barat', 140603),
(1406032006, 'Menaming', 140603),
(1406032007, 'Pasir Baru', 140603),
(1406032008, 'Sialang Jaya', 140603),
(1406032009, 'Tanjung Belit', 140603),
(1406032010, 'Koto Tinggi', 140603),
(1406032011, 'Suka Maju', 140603),
(1406032012, 'Pemalang Berangan', 140603),
(1406032013, 'Babussalam', 140603),
(1406032014, 'Pasir Maju', 140603),
(1406041001, 'Tambusai Tengah', 140604),
(1406042002, 'Tambusai Barat', 140604),
(1406042003, 'Tambusai Timur', 140604),
(1406042004, 'Batas', 140604),
(1406042005, 'Talikumain', 140604),
(1406042006, 'Rantau Panjang', 140604),
(1406042007, 'Sungai Komango', 140604),
(1406042008, 'Batang Kumu', 140604),
(1406042009, 'Sialang Rindang', 140604),
(1406042010, 'Suka Maju', 140604),
(1406042011, 'Lubuk Soting', 140604),
(1406042012, 'Tingkok', 140604),
(1406051001, 'KepenuhanTengah', 140605),
(1406052003, 'Kepenuhan Barat', 140605),
(1406052004, 'Kepenuhan Hilir', 140605),
(1406052005, 'Kepenuhan Timur', 140605),
(1406052006, 'Kepenuhan Barat Sei Rokan Jaya', 140605),
(1406052007, 'Kepenuhan Raya', 140605),
(1406052008, 'Kepenuhan Baru', 140605),
(1406052009, 'Kepenuhan Barat Mulya', 140605),
(1406052010, 'Ulak Patian', 140605),
(1406052012, 'Rantau Binuang Sakti', 140605),
(1406061001, 'Kota Lama', 140606),
(1406062003, 'Kota Intan', 140606),
(1406062004, 'Muara Dilam', 140606),
(1406062008, 'Kota Raya', 140606),
(1406062009, 'Kota Baru', 140606),
(1406062010, 'Sungai Kuti', 140606),
(1406062011, 'Pasir Indah', 140606),
(1406062012, 'Pasir Luhur', 140606),
(1406062017, 'Bukit Intan Makmur', 140606),
(1406062018, 'Bagan Tujuh', 140606),
(1406072001, 'Rambah Samo', 140607),
(1406072002, 'Rambah Samo Barat', 140607),
(1406072003, 'Rambah Baru', 140607),
(1406072004, 'Rambah Utama', 140607),
(1406072005, 'Pasir Makmur', 140607),
(1406072006, 'Karya Mulya', 140607),
(1406072007, 'Marga Mulya', 140607),
(1406072008, 'Langkitan', 140607),
(1406072009, 'Masda Makmur', 140607),
(1406072010, 'Lubuk Napai', 140607),
(1406072011, 'Teluk Aur', 140607),
(1406072012, 'Sei Salak', 140607),
(1406072013, 'Sei Kuning', 140607),
(1406072014, 'Lubuk Bilang', 140607),
(1406082001, 'Rambah Hilir', 140608),
(1406082002, 'Rambah Hilir Tengah', 140608),
(1406082003, 'Rambah Hilir Timur', 140608),
(1406082004, 'Pasir Utama', 140608),
(1406082005, 'Pasir Jaya', 140608),
(1406082006, 'Rambah Muda', 140608),
(1406082007, 'Sungai Sitolang', 140608),
(1406082008, 'Lubuk Kerapat', 140608),
(1406082009, 'Rambah', 140608),
(1406082010, 'Serambau Indah', 140608),
(1406082011, 'Sungai Dua Indah', 140608),
(1406082012, 'Muara Musu', 140608),
(1406082013, 'Sejati', 140608),
(1406092001, 'Tambusai Utara', 140609),
(1406092002, 'Mahato', 140609),
(1406092003, 'Bangun Jaya', 140609),
(1406092004, 'Simpang Harapan', 140609),
(1406092005, 'Pagar Mayang', 140609),
(1406092006, 'Payung Sekaki', 140609),
(1406092007, 'Mekar Jaya', 140609),
(1406092008, 'Tanjung Medan', 140609),
(1406092009, 'Suka Damai', 140609),
(1406092010, 'Rantau Sakti', 140609),
(1406092011, 'Mahato Sakti', 140609),
(1406102001, 'Pasir Agung', 140610),
(1406102002, 'Pasir Intan', 140610),
(1406102003, 'Rambah Jaya', 140610),
(1406102004, 'Bangun Purba', 140610),
(1406102005, 'Bangun Purba Timur Jaya', 140610),
(1406102006, 'Bangun Purba Barat', 140610),
(1406102007, 'Tangun', 140610),
(1406112001, 'Tandun', 140611),
(1406112002, 'Kumain', 140611),
(1406112003, 'Bona Tapung', 140611),
(1406112004, 'Dayo', 140611),
(1406112005, 'Tapung Jaya', 140611),
(1406112006, 'Puo Raya', 140611),
(1406112007, 'Sei Kuning', 140611),
(1406112008, 'Koto Tandun', 140611),
(1406112009, 'Tandun Barat', 140611),
(1406122001, 'Kabun', 140612),
(1406122002, 'Aliantan', 140612),
(1406122003, 'Koto Ranah', 140612),
(1406122004, 'Boncah Kesuma', 140612),
(1406122005, 'Batu Langkah Besar', 140612),
(1406122006, 'Giti', 140612),
(1406132001, 'Teluk Sono', 140613),
(1406132002, 'Sontang', 140613),
(1406132003, 'Bonai', 140613),
(1406132004, 'Rawa Makmur', 140613),
(1406132005, 'Pauh', 140613),
(1406132006, 'Kasang Padang', 140613),
(1406132007, 'Kasang Mungai', 140613),
(1406142001, 'Pagaran Tapah', 140614),
(1406142002, 'Kembang Damai', 140614),
(1406142005, 'Sangkir Indah', 140614),
(1406152001, 'Kepenuhan Hulu', 140615),
(1406152002, 'Pekan Tebih', 140615),
(1406152003, 'Kepayang', 140615),
(1406152004, 'Muara Jaya', 140615),
(1406152005, 'Kepenuhan Jaya', 140615),
(1406162001, 'Pendalian', 140616),
(1406162002, 'Bengkolan Salak', 140616),
(1406162003, 'Suligi', 140616),
(1406162004, 'Air Panas', 140616),
(1406162005, 'Sei Kandis', 140616),
(1407011010, 'Telukmerbau', 140701),
(1407012002, 'Tanjungleban', 140701),
(1407012003, 'Sungaikubu', 140701),
(1407012004, 'Rantau Panjang Kanan', 140701),
(1407012012, 'Telukpiyai', 140701),
(1407012013, 'Sungaisegajah', 140701),
(1407012015, 'Sei Segajah Makmur', 140701),
(1407012020, 'Telukpiyai Pesisir', 140701),
(1407012021, 'Sungaikubu Hulu', 140701),
(1407012022, 'Sungai Segajah Jaya', 140701),
(1407021011, 'Bagan Punak', 140702),
(1407021012, 'Bagan Kota', 140702),
(1407021015, 'Bagan Hulu', 140702),
(1407021016, 'Bagan Barat', 140702),
(1407021017, 'Bagan Timur', 140702),
(1407022009, 'Labuhan Tangga Kecil', 140702),
(1407022010, 'Labuhan Tangga Besar', 140702),
(1407022013, 'Bagan Jawa', 140702),
(1407022014, 'Parit Aman', 140702),
(1407022019, 'Labuhan Tangga Baru', 140702),
(1407022021, 'Bagan Jawa Pesisir', 140702),
(1407022022, 'Serusa', 140702),
(1407022023, 'Labuhan Tangga Hilir', 140702),
(1407022024, 'Bagan Punak Meranti', 140702),
(1407022025, 'Bagan Punak Pesisir', 140702),
(1407031007, 'Sedinginan', 140703),
(1407031010, 'Banjar XII', 140703),
(1407031019, 'Cempedak Rahuk', 140703),
(1407032001, 'Ujung Tanjung', 140703),
(1407032002, 'Rantau Bais', 140703),
(1407032005, 'Sekeladi', 140703),
(1407032006, 'Teluk Mega', 140703),
(1407032008, 'Putat', 140703),
(1407032009, 'Sintong', 140703),
(1407032011, 'Mumugo', 140703),
(1407032012, 'Teluk Berembun', 140703),
(1407032013, 'Menggala Sakti', 140703),
(1407032014, 'Sekeladi Hilir', 140703),
(1407032015, 'Menggala Sempurna', 140703),
(1407032016, 'Sintong Pusaka', 140703),
(1407032017, 'Sintong Bakti', 140703),
(1407032018, 'Sintong Makmur', 140703),
(1407041001, 'Rimba Melintang', 140704),
(1407042002, 'Jumrah', 140704),
(1407042003, 'Telukpulau Hilir', 140704),
(1407042004, 'Telukpulau Hulu', 140704),
(1407042005, 'Langgadai Hulu', 140704),
(1407042006, 'Lenggadai Hilir', 140704),
(1407042007, 'Mukti Jaya', 140704),
(1407042008, 'Karya Mukti', 140704),
(1407042009, 'Harapan Jaya', 140704),
(1407042010, 'Seremban Jaya', 140704),
(1407042011, 'Pematang Botam', 140704),
(1407042012, 'Pematang Sikek', 140704),
(1407051018, 'Bagan Batu Kota', 140705),
(1407051019, 'Bahtera Makmur Kota', 140705),
(1407051020, 'Balai Jaya Kota', 140705),
(1407051021, 'Balam Sempurna Kota', 140705),
(1407051022, 'Bagan Sinembah Kota', 140705),
(1407052001, 'Bagan Sinembah', 140705),
(1407052002, 'Bagan Batu', 140705),
(1407052003, 'Bahtera Makmur', 140705),
(1407052004, 'Pasir Putih', 140705),
(1407052005, 'Balai Jaya', 140705),
(1407052006, 'Balam Sempurna', 140705),
(1407052007, 'Pelita', 140705),
(1407052008, 'Gelora', 140705),
(1407052009, 'Kencana', 140705),
(1407052010, 'Bagan Bakti', 140705),
(1407052011, 'Lubuk Jawi', 140705),
(1407052012, 'Panca Mukti', 140705),
(1407052013, 'Harapan Makmur', 140705),
(1407052014, 'Salak', 140705),
(1407052015, 'Suka Maju', 140705),
(1407052016, 'Bagan Manunggal', 140705),
(1407052017, 'Bagan Sapta Permai', 140705),
(1407052023, 'Bagan Sinembah Utara', 140705),
(1407052024, 'Bagan Sinembah Barat', 140705),
(1407052025, 'Bakti Makmur', 140705),
(1407052026, 'Makmur Jaya', 140705),
(1407052027, 'Pasir Putih Utara', 140705),
(1407052028, 'Jaya Agung', 140705),
(1407052029, 'Harapan Makmur Selatan', 140705),
(1407052030, 'Meranti Makmur', 140705),
(1407052031, 'Bhayangkara Jaya', 140705),
(1407052032, 'Pasir Putih Barat', 140705),
(1407052033, 'Bagan Sinembah Timur', 140705),
(1407052034, 'Balam Jaya', 140705),
(1407061007, 'Panipahan', 140706),
(1407062001, 'Panipahan', 140706),
(1407062002, 'Telukpulai', 140706),
(1407062003, 'Pasir Limau Kapas', 140706),
(1407062004, 'Sungai Daun', 140706),
(1407062005, 'Panipahan Darat', 140706),
(1407062006, 'Panipahan Laut', 140706),
(1407062008, 'Pulaujemur', 140706),
(1407071005, 'Sinaboi Kota', 140707),
(1407072001, 'Sinaboi', 140707),
(1407072002, 'Sei Bakau', 140707),
(1407072003, 'Raja Bejamu', 140707),
(1407072004, 'Sungai Nyamuk', 140707),
(1407072006, 'Darussalam', 140707),
(1407081010, 'Pujud Selatan', 140708),
(1407082001, 'Teluk Nayang', 140708),
(1407082002, 'Pujud', 140708),
(1407082003, 'Air Hitam', 140708),
(1407082004, 'Kasang Bangsawan', 140708),
(1407082005, 'Sungaipinang', 140708),
(1407082006, 'Sri Kayangan', 140708),
(1407082007, 'Tanjungmedan', 140708),
(1407082008, 'Siarang-arang', 140708),
(1407082009, 'Tanjungsari', 140708),
(1407082011, 'Suka Jadi', 140708),
(1407082012, 'Sungaitapah', 140708),
(1407082013, 'Pondok Kresek', 140708),
(1407082014, 'Perkebunan Tanjung Medan', 140708),
(1407082015, 'Pujud Utara', 140708),
(1407082016, 'Babussalam Rokan', 140708),
(1407082017, 'Perkebunan Siarang-arang', 140708),
(1407082018, 'Tanjungmedan Utara', 140708),
(1407082019, 'Tanjungmedan Barat', 140708),
(1407082020, 'Tangga Batu', 140708),
(1407082021, 'Sei Meranti', 140708),
(1407082022, 'Sei Meranti Darussalam', 140708),
(1407082023, 'Akar Belingkar', 140708),
(1407091005, 'Melayu Besar Kota', 140709),
(1407092001, 'Melayu Besar', 140709),
(1407092002, 'Melayu Tengah', 140709),
(1407092003, 'Batu Hampar', 140709),
(1407092004, 'Mesah', 140709),
(1407092006, 'Labuhan Papan', 140709),
(1407101001, 'Bangko Kanan', 140710),
(1407101006, 'Bangko Kiri', 140710),
(1407102002, 'Bangko Jaya', 140710),
(1407102003, 'Bangko Sempurna', 140710),
(1407102004, 'Bangko Bakti', 140710),
(1407102005, 'Bangko Pusako', 140710),
(1407102007, 'Sei Manasib', 140710),
(1407102008, 'Teluk Bano I', 140710),
(1407102009, 'Bangko Makmur', 140710),
(1407102010, 'Pematang Damar', 140710),
(1407102011, 'Pematang Ibul', 140710),
(1407102012, 'Bangko Permata', 140710),
(1407102013, 'Bangko Mukti', 140710),
(1407102014, 'Bangko Lestari', 140710),
(1407102015, 'Bangko Balam', 140710),
(1407102016, 'Bangko Mas Raya', 140710),
(1407111001, 'Simpang Kanan', 140711),
(1407112002, 'Kota Parit', 140711),
(1407112003, 'Bagan Nibung', 140711),
(1407112004, 'Bukit Damar', 140711),
(1407112005, 'Bukit Mas', 140711),
(1407112006, 'Bukit Selamat', 140711),
(1407121004, 'Bantayan Hilir', 140712),
(1407122001, 'Bantaian', 140712),
(1407122002, 'Sungaisialang', 140712),
(1407122003, 'Bantayan Baru', 140712),
(1407122005, 'Sungaisialang Hulu', 140712),
(1407131002, 'Rantau Kopar', 140713),
(1407131003, 'Sungai Rangau', 140713),
(1407132001, 'Sekapas', 140713),
(1407132004, 'Bagan Cempedak', 140713),
(1407142001, 'Pedamaran', 140714),
(1407142002, 'Rokan Baru', 140714),
(1407142003, 'Sei Besar', 140714),
(1407142004, 'Suak Temenggung', 140714),
(1407142005, 'Teluk Bano II', 140714),
(1407142006, 'Pekaitan', 140714),
(1407142007, 'Suak Air Hitam', 140714),
(1407142008, 'Kubu I', 140714),
(1407142009, 'Karyo Mulyo Sari', 140714),
(1407142010, 'Rokan Baru Pesisir', 140714),
(1407152001, 'Rantau Panjang Kiri', 140715),
(1407152002, 'Teluknilap', 140715),
(1407152003, 'Sungaimajo', 140715),
(1407152004, 'Sungaipinang', 140715),
(1407152005, 'Sungaipanji-panji', 140715),
(1407152006, 'Jojol', 140715),
(1407152007, 'Pulauhalang Muka', 140715),
(1407152008, 'Pulauhalang Belakang', 140715),
(1407152009, 'Rantau Panjang Kiri Hilir', 140715),
(1407152010, 'Teluknilap Jaya', 140715),
(1407152011, 'Sungaimajo Pusako', 140715),
(1407152012, 'Pulauhalang Hulu', 140715),
(1408011001, 'Kampung Dalam', 140801),
(1408011002, 'Kampung Rempak', 140801),
(1408012003, 'Langkai', 140801),
(1408012011, 'Tumang', 140801),
(1408012012, 'Merempan Hulu', 140801),
(1408012013, 'Rawang Air Putih', 140801),
(1408012014, 'Suak Lanjut', 140801),
(1408012015, 'Buantan Besar', 140801),
(1408021001, 'Sungai Apit', 140802),
(1408022002, 'Teluk Lanus', 140802),
(1408022003, 'Tanjung Kuras', 140802),
(1408022004, 'Parit I/II', 140802),
(1408022005, 'Teluk Mesjid', 140802),
(1408022008, 'Sungai Kayu Ara', 140802),
(1408022009, 'Lalang', 140802),
(1408022010, 'Mengkapan', 140802),
(1408022011, 'Sungai Rawa', 140802),
(1408022012, 'Penyengat', 140802),
(1408022014, 'Teluk Batil', 140802),
(1408022016, 'Bungsur', 140802),
(1408022017, 'Harapan', 140802),
(1408022019, 'Kayu Ara Permai', 140802),
(1408022020, 'Rawa Mekar Jaya', 140802),
(1408031001, 'Minas Jaya', 140803),
(1408032002, 'Minas Timur', 140803),
(1408032003, 'Minas Barat', 140803),
(1408032004, 'Mandi Angin', 140803),
(1408032005, 'Rantau Bertuah', 140803),
(1408041001, 'Perawang', 140804),
(1408042002, 'Tualang', 140804),
(1408042003, 'Pinang Sebatang', 140804),
(1408042004, 'Meredan', 140804),
(1408042005, 'Pinang Sebatang Timur', 140804),
(1408042006, 'Pinang Sebatang Barat', 140804),
(1408042007, 'Meredan Barat', 140804),
(1408042008, 'Perawang Barat', 140804),
(1408042009, 'Tualang Timur', 140804),
(1408052001, 'Muara Kelantan', 140805),
(1408052002, 'Teluk Lancang', 140805),
(1408052003, 'Sungai Selodang', 140805),
(1408052004, 'Olak', 140805),
(1408052005, 'Lubuk Jering', 140805),
(1408052006, 'Muara Bungkal', 140805),
(1408052007, 'Lubuk Umbut', 140805),
(1408052008, 'Bencah Umbai', 140805),
(1408052009, 'Tasik Betung', 140805),
(1408062001, 'Dayun', 140806),
(1408062002, 'Banjar Seminai', 140806),
(1408062003, 'Teluk Merbau', 140806),
(1408062004, 'Merangkai', 140806),
(1408062005, 'Lubuk Tilam', 140806),
(1408062006, 'Berumbung Baru', 140806),
(1408062007, 'Pangkalan Makmur', 140806),
(1408062008, 'Buana Makmur', 140806),
(1408062009, 'Suka Mulya', 140806),
(1408062010, 'Sawit Permai', 140806),
(1408062011, 'Sialang Sakti', 140806),
(1408072001, 'Kerinci Kanan', 140807),
(1408072002, 'Kerinci Kiri', 140807),
(1408072003, 'Buana Bakti', 140807),
(1408072004, 'Bukit Harapan', 140807),
(1408072005, 'Kumbara Utama', 140807),
(1408072006, 'Bukit Agung', 140807),
(1408072008, 'Simpang Perak Jaya', 140807),
(1408072009, 'Buatan Baru', 140807),
(1408072010, 'Gabung Makmur', 140807),
(1408072011, 'Jati Mulya', 140807),
(1408072012, 'Seminai', 140807),
(1408072013, 'Delima Jaya', 140807),
(1408082001, 'Bunga Raya', 140808),
(1408082002, 'Jati Baru', 140808),
(1408082003, 'Jayapura', 140808),
(1408082011, 'Kemuning Muda', 140808),
(1408082012, 'Buatan Lestari', 140808),
(1408082013, 'Tuah Indrapura', 140808),
(1408082014, 'Langsat Permai', 140808),
(1408082015, 'Temusai', 140808),
(1408082016, 'Dayang Suri', 140808),
(1408082017, 'Suak Merambai', 140808),
(1408092001, 'Pangkalan Pisang', 140809),
(1408092002, 'Kuala Gasib', 140809),
(1408092003, 'Teluk Rimba', 140809),
(1408092004, 'Buatan I', 140809),
(1408092005, 'Buatan II', 140809),
(1408092006, 'Sengkemang', 140809),
(1408092007, 'Rantau Panjang', 140809),
(1408092008, 'Empang Pandan', 140809),
(1408092009, 'Keranji Guguh', 140809),
(1408092010, 'Sri Gemilang', 140809),
(1408092011, 'Tasik Seminai', 140809),
(1408101001, 'Simpang Belutu', 140810),
(1408101002, 'Telaga Sam-sam', 140810),
(1408101003, 'Kandis Kota', 140810),
(1408102004, 'Belutu', 140810),
(1408102005, 'Kandis', 140810),
(1408102006, 'Sam-Sam', 140810),
(1408102007, 'Bekalar', 140810),
(1408102008, 'Jambai Makmur', 140810),
(1408102009, 'Sungai Gondang', 140810),
(1408102010, 'Pencing Bekuto', 140810),
(1408102011, 'Libo Jaya', 140810),
(1408112001, 'Lubuk Dalam', 140811),
(1408112002, 'Rawang Kao', 140811),
(1408112003, 'Sri Gading', 140811),
(1408112004, 'Sialang Baru', 140811),
(1408112005, 'Sialang Palas', 140811),
(1408112006, 'Empang Baru', 140811),
(1408112007, 'Rawang Kao Barat', 140811),
(1408122001, 'Bandar Sungai', 140812),
(1408122002, 'Rempak', 140812),
(1408122003, 'Belading', 140812),
(1408122004, 'Sungai Tengah', 140812),
(1408122005, 'Laksamana', 140812),
(1408122006, 'Sabak Permai', 140812),
(1408122007, 'Bandar Pedada', 140812),
(1408122008, 'Selat Guntung', 140812),
(1408131006, 'Sungaimempura', 140813);
INSERT INTO `tb_kelurahan` (`id_kelurahan`, `nama`, `id_kec`) VALUES
(1408132001, 'Kota Ringin', 140813),
(1408132002, 'Paluh', 140813),
(1408132003, 'Benteng Hilir', 140813),
(1408132004, 'Benteng Hulu', 140813),
(1408132005, 'Kampung Tengah', 140813),
(1408132007, 'Merempan Hilir', 140813),
(1408132008, 'Telukmerempan', 140813),
(1408142001, 'Sungai Berbari', 140814),
(1408142002, 'Sungai Limau', 140814),
(1408142003, 'Dosan', 140814),
(1408142004, 'Benayah', 140814),
(1408142005, 'Pebadaran', 140814),
(1408142006, 'Dusun Pusaka', 140814),
(1408142007, 'Perincit', 140814),
(1409011012, 'Pasar Lubuk Jambi', 140901),
(1409012004, 'Air Buluh', 140901),
(1409012005, 'Pantai', 140901),
(1409012007, 'Lubuk Ramo', 140901),
(1409012008, 'Seberang Cengar', 140901),
(1409012009, 'Koto Cengar', 140901),
(1409012010, 'Sangau', 140901),
(1409012011, 'Banjar Padang', 140901),
(1409012013, 'Kasang', 140901),
(1409012014, 'Koto Lubuk Jambi', 140901),
(1409012015, 'Pulaubinjai', 140901),
(1409012016, 'Seberang Pantai', 140901),
(1409012017, 'Rantau Sialang', 140901),
(1409012018, 'Luai', 140901),
(1409012019, 'Banjar Guntung', 140901),
(1409012020, 'Bukitpedusunan', 140901),
(1409012021, 'Saik', 140901),
(1409012022, 'Pebaun Hulu', 140901),
(1409012023, 'Pebaun Hilir', 140901),
(1409012024, 'Kinali', 140901),
(1409012025, 'Bukit Kauman', 140901),
(1409012026, 'Aur Duri', 140901),
(1409012027, 'Sungaimanau', 140901),
(1409012030, 'Muaro Tombang', 140901),
(1409021016, 'Pasar Teluk', 140902),
(1409021018, 'Simpang Tiga', 140902),
(1409021025, 'Sungaijering', 140902),
(1409022001, 'Bandar Alai', 140902),
(1409022002, 'Pulaukedundung', 140902),
(1409022003, 'Pulauaro', 140902),
(1409022004, 'Seberang Taluk', 140902),
(1409022005, 'Pulau Baru', 140902),
(1409022006, 'Koto Tuo', 140902),
(1409022007, 'Kopah', 140902),
(1409022008, 'Munsalo', 140902),
(1409022014, 'Sawah', 140902),
(1409022015, 'Koto Taluk', 140902),
(1409022017, 'Koto Kari', 140902),
(1409022019, 'Pintu Gobang', 140902),
(1409022020, 'Jake', 140902),
(1409022021, 'Pulau Godang Kari', 140902),
(1409022022, 'Jaya', 140902),
(1409022023, 'Beringin Taluk', 140902),
(1409022024, 'Sitorajo', 140902),
(1409022026, 'Seberang Taluk Hilir', 140902),
(1409022027, 'Titian Modang Kopah', 140902),
(1409022028, 'Pulaubanjar Kari', 140902),
(1409031003, 'Muara Lembu', 140903),
(1409032001, 'Pangkalan Indarung', 140903),
(1409032002, 'Pulaupadang', 140903),
(1409032004, 'Logas', 140903),
(1409032005, 'Kebun Lado', 140903),
(1409032006, 'Sungaikuning', 140903),
(1409032007, 'Sungaisirih', 140903),
(1409032008, 'Sungaibawang', 140903),
(1409032009, 'Air Emas', 140903),
(1409032010, 'Pasir Emas', 140903),
(1409032011, 'Petai Baru', 140903),
(1409032012, 'Sungaikeranji', 140903),
(1409032013, 'Sumber Datar', 140903),
(1409032014, 'Logas Hilir', 140903),
(1409041001, 'Pasar Usang', 140904),
(1409041002, 'Pasar Baru', 140904),
(1409042003, 'Simpang Tanah Lapang', 140904),
(1409042004, 'Rawang Bonto', 140904),
(1409042005, 'Koto Tuo', 140904),
(1409042006, 'Banuaran', 140904),
(1409042007, 'Kampung Madura', 140904),
(1409042009, 'Pulau Kijang', 140904),
(1409042015, 'Pulaumadinah', 140904),
(1409042016, 'Kampung Tengah', 140904),
(1409042017, 'Kampung Medan', 140904),
(1409042018, 'Kepala Pulau', 140904),
(1409042019, 'Teratak Baru', 140904),
(1409042020, 'Dusun Tuo', 140904),
(1409042028, 'Gunungmelintang', 140904),
(1409042030, 'Simpang Pulauberalo', 140904),
(1409051001, 'Pasar Cerenti', 140905),
(1409051002, 'Koto Peraku', 140905),
(1409052003, 'Kompe Berangin', 140905),
(1409052004, 'Sikakak', 140905),
(1409052005, 'Kampung Baru', 140905),
(1409052006, 'Pulaujambu', 140905),
(1409052007, 'Koto Cerenti', 140905),
(1409052008, 'Pulaubayur', 140905),
(1409052009, 'Pulau Panjang Cerenti', 140905),
(1409052010, 'Pesikaian', 140905),
(1409052011, 'Telukpauh', 140905),
(1409052012, 'Tanjungmedan', 140905),
(1409052013, 'Kampung Baru Timur', 140905),
(1409061001, 'Benai', 140906),
(1409062003, 'Banjar Benai', 140906),
(1409062004, 'Talontom', 140906),
(1409062005, 'Gunungkesiangan', 140906),
(1409062006, 'Pulaukalimanting', 140906),
(1409062007, 'Banjar Lopak', 140906),
(1409062008, 'Tanjungsimandolak', 140906),
(1409062009, 'Siberakun', 140906),
(1409062010, 'Pulautongah', 140906),
(1409062011, 'Ujung Tanjung', 140906),
(1409062012, 'Pulauingu', 140906),
(1409062013, 'Simandolak', 140906),
(1409062014, 'Tebing Tinggi', 140906),
(1409062015, 'Pulaulancang', 140906),
(1409062016, 'Benai Kecil', 140906),
(1409062021, 'Koto Benai', 140906),
(1409072001, 'Pulaumungkur', 140907),
(1409072002, 'Telukberingin', 140907),
(1409072003, 'Pulaurumput', 140907),
(1409072004, 'Seberang Gunung', 140907),
(1409072005, 'Teberau Panjang', 140907),
(1409072006, 'Koto Gunung', 140907),
(1409072007, 'Gunung', 140907),
(1409072008, 'Toar', 140907),
(1409072009, 'Petapahan', 140907),
(1409072010, 'Kampung Baru', 140907),
(1409072011, 'Pisang Berebus', 140907),
(1409072012, 'Lubuk Terentang', 140907),
(1409072013, 'Siberobah', 140907),
(1409072014, 'Seberang Sungai', 140907),
(1409082001, 'Koto Baru', 140908),
(1409082002, 'Petai', 140908),
(1409082003, 'Sungaipaku', 140908),
(1409082004, 'Tanjungpauh', 140908),
(1409082005, 'Simpang Raya', 140908),
(1409082006, 'Sungaibuluh', 140908),
(1409082007, 'Suka Damai', 140908),
(1409082008, 'Sumber Jaya', 140908),
(1409082009, 'Muara Bahan', 140908),
(1409082010, 'Bukitraya', 140908),
(1409082011, 'Beringin Jaya', 140908),
(1409082012, 'Suka Maju', 140908),
(1409092001, 'Pasar Baru Pangean', 140909),
(1409092002, 'Koto Pangean', 140909),
(1409092003, 'Pulaukumpai', 140909),
(1409092004, 'Pulautongah', 140909),
(1409092005, 'Pulauderas', 140909),
(1409092006, 'Telukpauh', 140909),
(1409092007, 'Tanah Bekali', 140909),
(1409092008, 'Padang Tanggung', 140909),
(1409092009, 'Padang Kunik', 140909),
(1409092010, 'Pembatang', 140909),
(1409092011, 'Pauh Angit', 140909),
(1409092012, 'Sukaping', 140909),
(1409092013, 'Pulaurengas', 140909),
(1409092014, 'Rawang Binjai', 140909),
(1409092015, 'Sako', 140909),
(1409092016, 'Sungailangsat', 140909),
(1409092017, 'Pauh Angit Hulu', 140909),
(1409102001, 'Perhentian Luas', 140910),
(1409102002, 'Logas', 140910),
(1409102003, 'Lubuk Kebun', 140910),
(1409102004, 'Sungai Rambai', 140910),
(1409102005, 'Situgal', 140910),
(1409102006, 'Rambahan', 140910),
(1409102007, 'Teratak Rendah', 140910),
(1409102008, 'Sikijang', 140910),
(1409102009, 'Sukaraja', 140910),
(1409102010, 'Sako Margasari', 140910),
(1409102011, 'Kuantan Sako', 140910),
(1409102012, 'Hulu Teso', 140910),
(1409102013, 'Giri Sako', 140910),
(1409102014, 'Bumi Mulya', 140910),
(1409102015, 'Sidodadi', 140910),
(1409112001, 'Pasar Inuman', 140911),
(1409112002, 'Koto Inuman', 140911),
(1409112003, 'Pulaupanjang Hulu', 140911),
(1409112004, 'Pulaupanjang Hilir', 140911),
(1409112005, 'Sigaruntang', 140911),
(1409112006, 'Pulaubusuk', 140911),
(1409112007, 'Bedeng Sikuran', 140911),
(1409112008, 'Banjar Nan Tigo', 140911),
(1409112009, 'Pulausipan', 140911),
(1409112010, 'Pulaubusuk Jaya', 140911),
(1409112011, 'Seberang Pulau Busuk', 140911),
(1409112012, 'Lebuh Lurus', 140911),
(1409112013, 'Kampung Baru Koto', 140911),
(1409112014, 'Ketaping Jaya', 140911),
(1409122001, 'Lubuk Ambacang', 140912),
(1409122002, 'Sungaikelelawar', 140912),
(1409122003, 'Tanjung', 140912),
(1409122004, 'Sungaipinang', 140912),
(1409122005, 'Sungaialah', 140912),
(1409122006, 'Koto Kombu', 140912),
(1409122007, 'Sumpu', 140912),
(1409122008, 'Mudik Ulo', 140912),
(1409122009, 'Inuman', 140912),
(1409122010, 'Tanjungmedang', 140912),
(1409122011, 'Serosa', 140912),
(1409122012, 'Sampurago', 140912),
(1409132001, 'Pulaubaru', 140913),
(1409132002, 'Pulauberalo', 140913),
(1409132003, 'Pulaukulur', 140913),
(1409132004, 'Pelukahan', 140913),
(1409132005, 'Pengalihan', 140913),
(1409132006, 'Lumbok', 140913),
(1409132007, 'Teratak Jering', 140913),
(1409132008, 'Tanjungpisang', 140913),
(1409132009, 'Danau', 140913),
(1409132010, 'Kasang Limau Sundai', 140913),
(1409132011, 'Koto Rajo', 140913),
(1409132012, 'Tanjung', 140913),
(1409132013, 'Sungaisorik', 140913),
(1409132014, 'Rawang Oguang', 140913),
(1409141015, 'Beringin Jaya', 140914),
(1409142001, 'Pulaukomang Sentajo', 140914),
(1409142002, 'Muaro Sentajo', 140914),
(1409142003, 'Koto Sentajo', 140914),
(1409142004, 'Kampungbaru Sentajo', 140914),
(1409142005, 'Pulaukopung Sentajo', 140914),
(1409142006, 'Teratak Air Hitam', 140914),
(1409142007, 'Seberang Teratak Air Hitam', 140914),
(1409142008, 'Parit Teratak Air Hitam', 140914),
(1409142009, 'Jalur Patah', 140914),
(1409142010, 'Geringing Baru', 140914),
(1409142011, 'Marsawa', 140914),
(1409142012, 'Langsat Hulu', 140914),
(1409142013, 'Muara Langsat', 140914),
(1409142014, 'Geringging Jaya', 140914),
(1409152001, 'Perhentian Sungkai', 140915),
(1409152002, 'Ibul', 140915),
(1409152003, 'Muarapetai', 140915),
(1409152004, 'Pangkalan', 140915),
(1409152005, 'Sungaibesar', 140915),
(1409152006, 'Setiang', 140915),
(1409152007, 'Muaro Tiu Makmur', 140915),
(1409152008, 'Muaratobek', 140915),
(1409152009, 'Sungaibesar Hilir', 140915),
(1409152010, 'Kampung Baru Ibul', 140915),
(1410011001, 'Selatpanjang Kota', 141001),
(1410011002, 'Selatpanjang Barat', 141001),
(1410011003, 'Selatpanjang Selatan', 141001),
(1410011004, 'Selatpanjang Timur', 141001),
(1410012005, 'Banglas', 141001),
(1410012006, 'Alah Air', 141001),
(1410012007, 'Alah Air Timur', 141001),
(1410012008, 'Sesap', 141001),
(1410012016, 'Banglas Barat', 141001),
(1410022001, 'Segomeng', 141002),
(1410022002, 'Bantar', 141002),
(1410022003, 'Anak Setatah', 141002),
(1410022004, 'Lemang', 141002),
(1410022005, 'Bokor', 141002),
(1410022006, 'Sungai Cina', 141002),
(1410022007, 'Melai', 141002),
(1410022011, 'Telaga Baru', 141002),
(1410022012, 'Bina Maju', 141002),
(1410022015, 'Sialang Pasung', 141002),
(1410022016, 'Permai', 141002),
(1410022017, 'Mekar Baru', 141002),
(1410032001, 'Tanjung Samak', 141003),
(1410032002, 'Tanjung Medang', 141003),
(1410032004, 'Gemala Sari', 141003),
(1410032007, 'Topang', 141003),
(1410032008, 'Penyagun', 141003),
(1410032010, 'Repan', 141003),
(1410032011, 'Tanjung Bakau', 141003),
(1410032012, 'Teluk Samak', 141003),
(1410032013, 'Sungai Gayung Kiri', 141003),
(1410032014, 'Citra Damai', 141003),
(1410032016, 'Dwi Tunggal', 141003),
(1410032017, 'Wonosari', 141003),
(1410032018, 'Tebun', 141003),
(1410032020, 'Tanjung Gemuk', 141003),
(1410042001, 'Alai', 141004),
(1410042002, 'Tenan', 141004),
(1410042003, 'Insit', 141004),
(1410042004, 'Tanjung', 141004),
(1410042005, 'Tanjung Peranap', 141004),
(1410042006, 'Kundur', 141004),
(1410042007, 'Mekong', 141004),
(1410042008, 'Batang Malas', 141004),
(1410042009, 'Mantiasa', 141004),
(1410042010, 'Gogok Darussalam', 141004),
(1410042011, 'Maini Darul Aman', 141004),
(1410042012, 'Mengkikip', 141004),
(1410042013, 'Alai Selatan', 141004),
(1410042014, 'Tanjung Darul Takzim', 141004),
(1410051001, 'Teluk Belitung', 141005),
(1410052002, 'Meranti Bunting', 141005),
(1410052003, 'Lukit', 141005),
(1410052004, 'Bagan Melibur', 141005),
(1410052018, 'Pelantai', 141005),
(1410052019, 'Tanjung Kulim', 141005),
(1410052021, 'Mekar Sari', 141005),
(1410052023, 'Mayang Sari', 141005),
(1410052026, 'Sungai Anak Kamal', 141005),
(1410052027, 'Sungai Tengah', 141005),
(1410062001, 'Kuala Merbau', 141006),
(1410062002, 'Renak Dungun', 141006),
(1410062003, 'Baran Melintang', 141006),
(1410062004, 'Teluk Ketapang', 141006),
(1410062005, 'Semukut', 141006),
(1410062006, 'Centai', 141006),
(1410062007, 'Tanjungbunga', 141006),
(1410062008, 'Batang Meranti', 141006),
(1410062009, 'Pangkalan Balai', 141006),
(1410062010, 'Padang Kamal', 141006),
(1410062011, 'Ketapang Permai', 141006),
(1410072001, 'Lukun', 141007),
(1410072002, 'Sungai Tohor', 141007),
(1410072003, 'Nipah Sendanu', 141007),
(1410072004, 'Tanjung Sari', 141007),
(1410072005, 'Tanjung Gadai', 141007),
(1410072006, 'Teluk Buntal', 141007),
(1410072007, 'Kepau Baru', 141007),
(1410072008, 'Sungai Tohor Barat', 141007),
(1410072009, 'Sendanu Darul Ihsan', 141007),
(1410072010, 'Batin Suir', 141007),
(1410082001, 'Tanjung Padang', 141008),
(1410082002, 'Putri Puyu', 141008),
(1410082003, 'Mekar Delima', 141008),
(1410082004, 'Dedap', 141008),
(1410082005, 'Kudap', 141008),
(1410082006, 'Bandul', 141008),
(1410082007, 'Selat Akar', 141008),
(1410082008, 'Tanjung Pisang', 141008),
(1410082009, 'Mengkopot', 141008),
(1410082010, 'Mengkirau', 141008),
(1410092001, 'Tanjung Kedabu', 141009),
(1410092002, 'Beting', 141009),
(1410092003, 'Sokop', 141009),
(1410092004, 'Telesung', 141009),
(1410092005, 'Bungur', 141009),
(1410092006, 'Tenggayun Raya', 141009),
(1410092007, 'Sendaur', 141009),
(1410092008, 'Kayu Ara', 141009),
(1410092009, 'Sonde', 141009),
(1410092010, 'Kedabu Rapat', 141009),
(1410092011, 'Tanah Merah', 141009),
(1471011002, 'Jadirejo', 147101),
(1471011003, 'Kampung Tengah', 147101),
(1471011004, 'Kampung Melayu', 147101),
(1471011005, 'Kedung Sari', 147101),
(1471011006, 'Harjosari', 147101),
(1471011007, 'Sukajadi', 147101),
(1471011008, 'Pulau Karomah', 147101),
(1471021001, 'Simpang Empat', 147102),
(1471021002, 'Sumahilang', 147102),
(1471021003, 'Tanah Datar', 147102),
(1471021004, 'Kota Baru', 147102),
(1471021005, 'Sukaramai', 147102),
(1471021006, 'Kota Tinggi', 147102),
(1471031001, 'Cinta Raja', 147103),
(1471031002, 'Sukamulya', 147103),
(1471031003, 'Sukamaju', 147103),
(1471041001, 'Rintis', 147104),
(1471041002, 'Tanjung RHU', 147104),
(1471041003, 'Pesisir', 147104),
(1471041004, 'Sekip', 147104),
(1471051001, 'Padang Bulan', 147105),
(1471051002, 'Sago', 147105),
(1471051003, 'Kampung Baru', 147105),
(1471051004, 'Kampung Dalam', 147105),
(1471051005, 'Kampung Bandar', 147105),
(1471051006, 'Padang Terubuk', 147105),
(1471061003, 'Rumbai Bukit', 147106),
(1471061005, 'Muarafajar Timur', 147106),
(1471061006, 'Umban Sari', 147106),
(1471061008, 'Sri Meranti', 147106),
(1471061009, 'Palas', 147106),
(1471061010, 'Muarafajar Barat', 147106),
(1471061011, 'Rantaupanjang', 147106),
(1471061012, 'Maharani', 147106),
(1471061013, 'Agrowisata', 147106),
(1471071005, 'Simpang Tiga', 147107),
(1471071006, 'Tangkerang Selatan', 147107),
(1471071008, 'Tangkerang Utara', 147107),
(1471071011, 'Tangkerang Labuai', 147107),
(1471071012, 'Airdingin', 147107),
(1471081001, 'Simpangbaru', 147108),
(1471081006, 'Sidomulyo Barat', 147108),
(1471081007, 'Tuahkarya', 147108),
(1471081008, 'Delima', 147108),
(1471081009, 'Tobekgodang', 147108),
(1471081010, 'Binawidya', 147108),
(1471081011, 'Airputih', 147108),
(1471081012, 'Tuahmadani', 147108),
(1471081013, 'Sialangmunggu', 147108),
(1471091001, 'Tangkerang Barat', 147109),
(1471091002, 'Tangkerang Tengah', 147109),
(1471091003, 'Sidomulyo Timur', 147109),
(1471091004, 'Wonorejo', 147109),
(1471091005, 'Maharatu', 147109),
(1471091006, 'Perhentianmarpoyan', 147109),
(1471101001, 'Kulim', 147110),
(1471101002, 'Bencahlesung', 147110),
(1471101003, 'Tangkerang Timur', 147110),
(1471101004, 'Rejosari', 147110),
(1471101005, 'Bambukuning', 147110),
(1471101006, 'Pebatuan', 147110),
(1471101007, 'Sialangrampai', 147110),
(1471101008, 'Mentangor', 147110),
(1471101009, 'Pematangkapau', 147110),
(1471101010, 'Melebung', 147110),
(1471101011, 'Industritenayan', 147110),
(1471101012, 'Sialangsakti', 147110),
(1471101013, 'Tuahnegeri', 147110),
(1471111001, 'Tampan', 147111),
(1471111002, 'Labuh Baru Timur', 147111),
(1471111003, 'Labuh Baru Barat', 147111),
(1471111004, 'Air Hitam', 147111),
(1471111005, 'Bandarraya', 147111),
(1471111006, 'Sungaisibam', 147111),
(1471111007, 'Tirtasiak', 147111),
(1471121001, 'Meranti Pandak', 147112),
(1471121002, 'Limbungan', 147112),
(1471121003, 'Lembah Sari', 147112),
(1471121004, 'Lembah Damai', 147112),
(1471121005, 'Tebing Tinggi Okura', 147112),
(1471121006, 'Limbungan Baru', 147112),
(1471121007, 'Sungaiambang', 147112),
(1471121008, 'Sungaiukai', 147112),
(1472011003, 'Pangkalan Sesai', 147201),
(1472011006, 'Purnama', 147201),
(1472011008, 'Bagan Keladi', 147201),
(1472011009, 'Simapang Tetap Darul Ichsan', 147201),
(1472021002, 'Teluk Binjai', 147202),
(1472021003, 'Tanjung Palas', 147202),
(1472021004, 'Jaya Mukti', 147202),
(1472021006, 'Buluh Kasap', 147202),
(1472021009, 'Bukit Batrem', 147202),
(1472031001, 'Bukit Nanas', 147203),
(1472031002, 'Kayu Kapur', 147203),
(1472031003, 'Gurun Panjang', 147203),
(1472031004, 'Bagan Besar', 147203),
(1472031005, 'Kampung Baru', 147203),
(1472041001, 'Lubuk Gaung', 147204),
(1472041002, 'Tanjung Penyebal', 147204),
(1472041003, 'Bangsal Aceh', 147204),
(1472041004, 'Basilam Baru', 147204),
(1472041005, 'Batu Teritip', 147204),
(1472051001, 'Teluk Makmur', 147205),
(1472051002, 'Mundam', 147205),
(1472051003, 'Guntung', 147205),
(1472051004, 'Pelintung', 147205),
(1472061001, 'Laksamana', 147206),
(1472061002, 'Rimba Sekampung', 147206),
(1472061003, 'Dumai Kota', 147206),
(1472061004, 'Bintan', 147206),
(1472061005, 'Sukajadi', 147206),
(1472071001, 'Ratu Sima', 147207),
(1472071002, 'Bukit Timah', 147207),
(1472071003, 'Mekar Sari', 147207),
(1472071004, 'Bukit Datuk', 147207),
(1472071005, 'Bumi Ayu', 147207);

-- --------------------------------------------------------

--
-- Table structure for table `tb_provinsi`
--

CREATE TABLE `tb_provinsi` (
  `id_provinsi` int(11) NOT NULL,
  `nama` text NOT NULL,
  `lat` double NOT NULL,
  `lng` double NOT NULL
) ENGINE=InnoDB DEFAULT CHARSET=latin1;

--
-- Dumping data for table `tb_provinsi`
--

INSERT INTO `tb_provinsi` (`id_provinsi`, `nama`, `lat`, `lng`) VALUES
(11101, 'RIAU', 0.12, 0.11);

-- --------------------------------------------------------

--
-- Table structure for table `user`
--

CREATE TABLE `user` (
  `id` int(11) NOT NULL,
  `username` varchar(150) NOT NULL,
  `password` varchar(150) NOT NULL
) ENGINE=InnoDB DEFAULT CHARSET=latin1;

--
-- Dumping data for table `user`
--

INSERT INTO `user` (`id`, `username`, `password`) VALUES
(1, 'admin', '$2y$10$gWHNtWwZ/pVr4eo6MILakOHladhzkoG8AQj8FzAnn6QWemqGAVdr6');

--
-- Indexes for dumped tables
--

--
-- Indexes for table `responden`
--
ALTER TABLE `responden`
  ADD PRIMARY KEY (`id_responden`),
  ADD KEY `fk_respondenSurveyor` (`id_surveyor`);

--
-- Indexes for table `surveyor`
--
ALTER TABLE `surveyor`
  ADD PRIMARY KEY (`id_surveyor`);

--
-- Indexes for table `tb_kabkota`
--
ALTER TABLE `tb_kabkota`
  ADD PRIMARY KEY (`id_kabkota`),
  ADD KEY `id_prov` (`id_provinsi`);

--
-- Indexes for table `tb_kecamatan`
--
ALTER TABLE `tb_kecamatan`
  ADD PRIMARY KEY (`id_kecamatan`),
  ADD KEY `fk_kecKabkota` (`id_kabkota`);

--
-- Indexes for table `tb_kelurahan`
--
ALTER TABLE `tb_kelurahan`
  ADD PRIMARY KEY (`id_kelurahan`),
  ADD KEY `fk_keldesaKec` (`id_kec`);

--
-- Indexes for table `tb_provinsi`
--
ALTER TABLE `tb_provinsi`
  ADD PRIMARY KEY (`id_provinsi`);

--
-- Indexes for table `user`
--
ALTER TABLE `user`
  ADD PRIMARY KEY (`id`);

--
-- AUTO_INCREMENT for dumped tables
--

--
-- AUTO_INCREMENT for table `responden`
--
ALTER TABLE `responden`
  MODIFY `id_responden` int(11) NOT NULL AUTO_INCREMENT, AUTO_INCREMENT=115;

--
-- AUTO_INCREMENT for table `surveyor`
--
ALTER TABLE `surveyor`
  MODIFY `id_surveyor` int(11) NOT NULL AUTO_INCREMENT, AUTO_INCREMENT=12;

--
-- AUTO_INCREMENT for table `tb_kabkota`
--
ALTER TABLE `tb_kabkota`
  MODIFY `id_kabkota` int(11) NOT NULL AUTO_INCREMENT, AUTO_INCREMENT=1473;

--
-- AUTO_INCREMENT for table `tb_kecamatan`
--
ALTER TABLE `tb_kecamatan`
  MODIFY `id_kecamatan` int(11) NOT NULL AUTO_INCREMENT, AUTO_INCREMENT=147208;

--
-- AUTO_INCREMENT for table `tb_kelurahan`
--
ALTER TABLE `tb_kelurahan`
  MODIFY `id_kelurahan` int(11) NOT NULL AUTO_INCREMENT, AUTO_INCREMENT=1472071006;

--
-- AUTO_INCREMENT for table `user`
--
ALTER TABLE `user`
  MODIFY `id` int(11) NOT NULL AUTO_INCREMENT, AUTO_INCREMENT=2;

--
-- Constraints for dumped tables
--

--
-- Constraints for table `responden`
--
ALTER TABLE `responden`
  ADD CONSTRAINT `fk_respondenSurveyor` FOREIGN KEY (`id_surveyor`) REFERENCES `surveyor` (`id_surveyor`) ON DELETE CASCADE ON UPDATE CASCADE;

--
-- Constraints for table `tb_kabkota`
--
ALTER TABLE `tb_kabkota`
  ADD CONSTRAINT `tb_kabkota_ibfk_1` FOREIGN KEY (`id_provinsi`) REFERENCES `tb_provinsi` (`id_provinsi`);

--
-- Constraints for table `tb_kecamatan`
--
ALTER TABLE `tb_kecamatan`
  ADD CONSTRAINT `fk_kecKabkota` FOREIGN KEY (`id_kabkota`) REFERENCES `tb_kabkota` (`id_kabkota`) ON DELETE CASCADE ON UPDATE CASCADE;

--
-- Constraints for table `tb_kelurahan`
--
ALTER TABLE `tb_kelurahan`
  ADD CONSTRAINT `fk_keldesaKec` FOREIGN KEY (`id_kec`) REFERENCES `tb_kecamatan` (`id_kecamatan`) ON DELETE CASCADE ON UPDATE CASCADE;
COMMIT;

/*!40101 SET CHARACTER_SET_CLIENT=@OLD_CHARACTER_SET_CLIENT */;
/*!40101 SET CHARACTER_SET_RESULTS=@OLD_CHARACTER_SET_RESULTS */;
/*!40101 SET COLLATION_CONNECTION=@OLD_COLLATION_CONNECTION */;
